Localidad: Cumbres,DV,DR,RV,RR,TEMP,HR,PA,Precipitación ,RS,Fecha,Hora
Localidad: Cumbres,219,237,0.7,2.9,19.7,74,930.2,0,0,14/04/2026,0.340277778
Localidad: Cumbres,75,38,1,2.9,19.7,69,930.2,0,0,15/04/2026,0.333333333
Localidad: Cumbres,75,57,1.5,4,19.7,63,930.1,0,0,16/04/2026,0.326388889
Localidad: Cumbres,80,67,1.3,4.3,19.6,71,930.2,0,0,17/04/2026,0.319444444
Localidad: Cumbres,27,51,2,5.8,19.5,76,930.2,0,0,18/04/2026,0.3125
Localidad: Cumbres,43,66,1.6,6.1,19.5,78,930,0,0,19/04/2026,0.305555556
Localidad: Cumbres,43,70,1.1,3.2,19.5,83,929.9,0,0,20/04/2026,0.298611111
Localidad: Cumbres,33,34,1,3.2,19.5,88,929.8,0,0,21/04/2026,0.291666667
Localidad: Cumbres,135,53,0.4,2.2,19.5,96,929.7,0,0,22/04/2026,0.284722222
Localidad: Cumbres,106,184,0.7,2.5,19.5,98,929.7,0,0,23/04/2026,0.277777778
Localidad: Cumbres,59,28,0.8,2.2,19.5,100,929.6,0,0,24/04/2026,0.270833333
Localidad: Cumbres,99,106,1.2,3.2,19.5,100,929.5,0,0,25/04/2026,0.263888889
Localidad: Cumbres,60,64,1.7,5,19.5,100,929.4,0,0,26/04/2026,0.256944444
Localidad: Cumbres,3,15,1.2,4.3,19.5,100,929.4,0,0,27/04/2026,0.25
Localidad: Cumbres,43,47,2.8,7.2,19.5,100,929.3,0,0,28/04/2026,0.243055556
Localidad: Cumbres,53,39,3.2,7.9,19.6,100,929.2,0,0,29/04/2026,0.236111111
Localidad: Cumbres,48,34,4.5,10.1,19.6,100,929.3,0,0,30/04/2026,0.229166667
Localidad: Cumbres,44,62,4.7,11.9,19.7,100,929.3,0,0,01/05/2026,0.222222222
Localidad: Cumbres,44,46,5.8,13.3,19.8,100,929.3,0,0,02/05/2026,0.215277778
Localidad: Cumbres,53,70,5.6,13,20,100,929.3,0,0,03/05/2026,0.208333333
Localidad: Cumbres,43,27,1.5,6.5,20.1,100,929.3,0,0,04/05/2026,0.201388889
Localidad: Cumbres,141,93,0.7,4,20.1,100,929.2,0,0,05/05/2026,0.194444444
Localidad: Cumbres,71,35,2.3,5,20.2,100,929.2,0,0,06/05/2026,0.1875
Localidad: Cumbres,55,17,1.9,4.7,20.2,100,929.2,0,0,07/05/2026,0.180555556
Localidad: Cumbres,352,28,1.9,6.5,20.2,100,929.2,0,0,08/05/2026,0.173611111
Localidad: Cumbres,352,32,2.9,5.8,20.2,100,929.2,0,0,09/05/2026,0.166666667
Localidad: Cumbres,31,41,3.1,7.9,20.3,100,929.2,0,0,10/05/2026,0.159722222
Localidad: Cumbres,22,50,4.8,11.9,20.3,100,929.2,0,0,11/05/2026,0.152777778
Localidad: Cumbres,355,0,3.4,8.6,20.4,100,929.3,0,0,12/05/2026,0.145833333
Localidad: Cumbres,7,24,1.8,5.8,20.5,100,929.2,0,0,13/05/2026,0.138888889
Localidad: Cumbres,94,36,2.2,9.7,20.6,100,929.2,0,0,14/05/2026,0.131944444
Localidad: Cumbres,11,37,3.9,13,20.6,100,929.2,0,0,15/05/2026,0.125
Localidad: Cumbres,1,20,2.8,9,20.6,100,929.2,0,0,16/05/2026,0.118055556
Localidad: Cumbres,28,51,3.8,9.7,20.6,100,929.4,0,0,17/05/2026,0.111111111
Localidad: Cumbres,35,30,4.6,12.2,20.6,100,929.5,0,0,18/05/2026,0.104166667
Localidad: Cumbres,23,51,7,18.7,20.8,100,929.5,0,0,19/05/2026,0.097222222
Localidad: Cumbres,32,30,6.9,15.8,21,100,929.6,0,0,20/05/2026,0.090277778
Localidad: Cumbres,30,46,6.5,19.1,21.2,100,929.8,0,0,21/05/2026,0.083333333
Localidad: Cumbres,38,50,7.3,18.4,21.5,100,929.9,0,0,22/05/2026,0.076388889
Localidad: Cumbres,27,27,4.9,14,21.6,100,930,0,0,23/05/2026,0.069444444
Localidad: Cumbres,30,54,6.4,14.4,21.7,100,930.2,0,0,24/05/2026,0.0625
Localidad: Cumbres,38,61,5.9,19.1,21.8,100,930.3,0,0,25/05/2026,0.055555556
Localidad: Cumbres,33,13,6.7,15.5,21.7,100,930.3,0,0,26/05/2026,0.048611111
Localidad: Cumbres,25,27,6,14.4,21.6,100,930.4,0,0,27/05/2026,0.041666667
Localidad: Cumbres,43,46,4.7,14.4,21.4,100,930.5,0,0,28/05/2026,0.034722222
Localidad: Cumbres,351,19,2.2,6.8,21.2,100,930.6,0,0,29/05/2026,0.027777778
Localidad: Cumbres,229,183,1.9,4.3,21.2,100,930.7,0,0,30/05/2026,0.020833333
Localidad: Cumbres,213,200,2.4,5.4,21.2,100,930.6,0,0,31/05/2026,0.013888889
Localidad: Cumbres,248,192,1.7,4.7,21.3,100,930.6,0,0,01/06/2026,0.006944444
Localidad: Cumbres,195,194,4.2,9,21.5,100,930.6,0,0,02/06/2026,0
Localidad: Cumbres,59,49,4.2,17.6,21.6,100,930.6,0,0,03/06/2026,0.993055556
Localidad: Cumbres,65,348,3.9,11.9,21.4,100,930.6,0,0,04/06/2026,0.986111111
Localidad: Cumbres,115,35,3.3,13,21.4,100,930.6,0,0,05/06/2026,0.979166667
Localidad: Cumbres,176,209,2.9,6.5,21.6,100,930.7,0,0,06/06/2026,0.972222222
Localidad: Cumbres,263,216,2.7,6.8,22.1,100,930.7,0,0,07/06/2026,0.965277778
Localidad: Cumbres,103,36,3.2,9,22.8,100,930.8,0,0,08/06/2026,0.958333333
Localidad: Cumbres,13,35,6.4,16.6,23,100,930.8,0,0,09/06/2026,0.951388889
Localidad: Cumbres,10,22,8.9,19.1,23.2,100,930.9,0,0,10/06/2026,0.944444444
Localidad: Cumbres,15,31,6.8,18,23.4,100,930.9,0,0,11/06/2026,0.9375
Localidad: Cumbres,22,54,5.4,13.3,23.6,100,930.9,0,0,12/06/2026,0.930555556
Localidad: Cumbres,7,2,7.6,18,23.7,100,930.9,0,0,13/06/2026,0.923611111
Localidad: Cumbres,4,356,7.8,18.4,23.8,100,930.8,0,0,14/06/2026,0.916666667
Localidad: Cumbres,18,25,9.3,19.8,23.9,100,930.7,0,0,15/06/2026,0.909722222
Localidad: Cumbres,13,6,10.5,21.2,24,100,930.7,0,0,16/06/2026,0.902777778
Localidad: Cumbres,13,352,10.1,21.6,24.2,100,930.6,0,0,17/06/2026,0.895833333
Localidad: Cumbres,1,336,9.3,19.1,24.4,100,930.5,0,0,18/06/2026,0.888888889
Localidad: Cumbres,5,9,10.8,22,24.5,100,930.3,0,0,19/06/2026,0.881944444
Localidad: Cumbres,353,33,10.1,26.3,24.7,97,930.3,0,0,20/06/2026,0.875
Localidad: Cumbres,349,328,12.2,26.6,24.9,92,930.2,0,0,21/06/2026,0.868055556
Localidad: Cumbres,352,331,12.5,31.3,25.1,89,930.1,0,0,22/06/2026,0.861111111
Localidad: Cumbres,350,13,13.2,24.1,25.1,84,929.9,0,0,23/06/2026,0.854166667
Localidad: Cumbres,352,354,9.3,22,25.3,78,929.9,0,0,24/06/2026,0.847222222
Localidad: Cumbres,11,31,10.3,23.4,25.3,74,929.8,0,0,25/06/2026,0.840277778
Localidad: Cumbres,5,356,7.6,15.8,25,74,929.7,0,0,26/06/2026,0.833333333
Localidad: Cumbres,358,355,6.3,12.6,25.1,75,929.6,0,0,27/06/2026,0.826388889
Localidad: Cumbres,359,25,7.7,17.6,25.2,71,929.6,0,0,28/06/2026,0.819444444
Localidad: Cumbres,351,342,9.6,21.2,25,72,929.5,0,0,29/06/2026,0.8125
Localidad: Cumbres,351,347,8.1,16.9,25.2,71,929.4,0,0,30/06/2026,0.805555556
Localidad: Cumbres,352,344,7.6,15.5,25.2,69,929.5,0,0,01/07/2026,0.798611111
Localidad: Cumbres,347,19,7.2,17.3,25.1,68,929.4,0,0,02/07/2026,0.791666667
Localidad: Cumbres,350,14,6.4,15.8,24.7,72,929.3,0,0,03/07/2026,0.784722222
Localidad: Cumbres,340,357,4.5,20.2,25.1,70,929.4,0,0,04/07/2026,0.777777778
Localidad: Cumbres,326,23,7.1,15.8,25.4,67,929.3,0,0,05/07/2026,0.770833333
Localidad: Cumbres,350,15,6.1,11.9,25.7,67,929.3,0,0,06/07/2026,0.763888889
Localidad: Cumbres,307,277,7.3,19.1,26,62,929.2,0,0,07/07/2026,0.756944444
Localidad: Cumbres,341,20,7.2,20.5,26.3,62,929.1,0,0,08/07/2026,0.75
Localidad: Cumbres,349,343,9.6,22.3,26.4,58,929.1,0,0,09/07/2026,0.743055556
Localidad: Cumbres,1,43,10.4,20.5,26.4,58,929,0,0,10/07/2026,0.736111111
Localidad: Cumbres,349,31,9.1,26.6,26.5,58,929,0,0,11/07/2026,0.729166667
Localidad: Cumbres,319,314,7,21.2,26.7,58,929.1,0,0,12/07/2026,0.722222222
Localidad: Cumbres,8,32,11.1,28.1,27,56,929.1,0,0,13/07/2026,0.715277778
Localidad: Cumbres,321,23,8.8,26.3,27.6,56,929.2,0,0,14/07/2026,0.708333333
Localidad: Cumbres,354,346,10.9,30.6,28.3,55,929.2,0,0,15/07/2026,0.701388889
Localidad: Cumbres,359,2,10.9,31.3,28.9,55,929.3,0,0,16/07/2026,0.694444444
Localidad: Cumbres,310,351,7.4,16.9,29.4,54,929.4,0,0,17/07/2026,0.6875
Localidad: Cumbres,346,316,6,19.1,29.2,53,929.4,0,0,18/07/2026,0.680555556
Localidad: Cumbres,152,242,6.2,17.6,28.8,54,929.6,0,0,19/07/2026,0.673611111
Localidad: Cumbres,28,25,9.7,27,29.1,55,929.7,0,0,20/07/2026,0.666666667
Localidad: Cumbres,41,53,12.3,33.1,29.3,54,929.9,0,0,21/07/2026,0.659722222
Localidad: Cumbres,24,14,9.5,29.2,29.8,54,930,0,0,22/07/2026,0.652777778
Localidad: Cumbres,28,23,9.4,26.6,29.8,55,930,0,0,23/07/2026,0.645833333
Localidad: Cumbres,32,33,9.8,22.3,29.5,57,930.2,0,0,24/07/2026,0.638888889
Localidad: Cumbres,32,18,10.7,28.4,29.4,56,930.4,0,0,25/07/2026,0.631944444
Localidad: Cumbres,35,58,11.5,27.7,29.1,57,930.5,0,0,26/07/2026,0.625
Localidad: Cumbres,31,57,10.7,29.9,29.2,57,930.7,0,0,27/07/2026,0.618055556
Localidad: Cumbres,28,55,9.8,29.9,28.5,59,930.8,0,0,28/07/2026,0.611111111
Localidad: Cumbres,39,28,7.8,21.2,29.2,58,930.9,0,0,29/07/2026,0.604166667
Localidad: Cumbres,49,60,5.6,17.6,29,60,930.9,0,0,30/07/2026,0.597222222
Localidad: Cumbres,9,55,5.6,17.3,28.9,61,931,0,0,31/07/2026,0.590277778
Localidad: Cumbres,58,49,4.1,13.7,28.8,61,931.1,0,0,01/08/2026,0.583333333
Localidad: Cumbres,86,82,4,11.2,28.6,62,931.2,0.2,0,02/08/2026,0.576388889
Localidad: Cumbres,44,68,4.9,15.8,28.8,61,931.3,0,0,03/08/2026,0.569444444
Localidad: Cumbres,49,63,5.1,13.7,28.7,61,931.4,0,0,04/08/2026,0.5625
Localidad: Cumbres,78,85,5.4,13.7,28.5,62,931.6,0,0,05/08/2026,0.555555556
Localidad: Cumbres,93,78,5,11.5,28.5,61,931.6,0,0,06/08/2026,0.548611111
Localidad: Cumbres,64,125,4.3,13.3,28.5,62,931.6,0,0,07/08/2026,0.541666667
Localidad: Cumbres,87,103,3.6,11.9,28.8,60,931.7,0,0,08/08/2026,0.534722222
Localidad: Cumbres,64,61,5.3,18.4,28.6,61,931.9,0,0,09/08/2026,0.527777778
Localidad: Cumbres,62,50,4.7,13.3,28.6,61,932.1,0,0,10/08/2026,0.520833333
Localidad: Cumbres,64,22,4.6,14.4,28.4,62,932.2,0,0,11/08/2026,0.513888889
Localidad: Cumbres,80,85,3.8,12.2,28.4,62,932.3,0,0,12/08/2026,0.506944444
Localidad: Cumbres,79,70,6.6,16.2,28.5,62,932.5,0,0,13/08/2026,0.5
Localidad: Cumbres,90,83,4.4,14.8,28.3,63,932.6,0,0,14/08/2026,0.493055556
Localidad: Cumbres,74,71,5.6,15.1,28,64,932.7,0,0,15/08/2026,0.486111111
Localidad: Cumbres,54,34,6.1,14,27.7,65,932.9,0,0,16/08/2026,0.479166667
Localidad: Cumbres,85,63,7.3,16.6,27.6,65,932.9,0,0,17/08/2026,0.472222222
Localidad: Cumbres,85,67,7.3,15.8,27.5,65,933,0,0,18/08/2026,0.465277778
Localidad: Cumbres,72,44,5.4,14,27.3,66,933.1,0,0,19/08/2026,0.458333333
Localidad: Cumbres,84,46,4.5,14.4,27,67,933.1,0,0,20/08/2026,0.451388889
Localidad: Cumbres,94,61,4.9,11.5,26.5,67,933,0,0,21/08/2026,0.444444444
Localidad: Cumbres,114,69,4.4,12.2,26.1,69,933.1,0,0,22/08/2026,0.4375
Localidad: Cumbres,93,65,4.2,10.8,26.1,69,933.2,0,0,23/08/2026,0.430555556
Localidad: Cumbres,88,59,5.7,14,25.6,72,933.2,0,0,24/08/2026,0.423611111
Localidad: Cumbres,82,81,4.6,11.2,25.2,77,933.2,0,0,25/08/2026,0.416666667
Localidad: Cumbres,79,63,6.3,13,24.7,92,933.2,0,0,26/08/2026,0.409722222
Localidad: Cumbres,76,62,4.3,12.6,24.2,97,933.2,0,0,27/08/2026,0.402777778
Localidad: Cumbres,85,52,5.7,11.2,23.5,100,933.2,0,0,28/08/2026,0.395833333
Localidad: Cumbres,82,99,5.8,11.2,23.2,100,933.1,0,0,29/08/2026,0.388888889
Localidad: Cumbres,68,65,4.9,13,22.7,100,933,0,0,30/08/2026,0.381944444
Localidad: Cumbres,91,85,4.3,8.3,22.1,100,933,0,0,31/08/2026,0.375
Localidad: Cumbres,89,71,3.4,6.8,21,100,933,0,0,01/09/2026,0.368055556
Localidad: Cumbres,86,64,2.9,5.8,19.9,65,933,0,0,02/09/2026,0.361111111
Localidad: Cumbres,97,82,2.9,6.5,19,0,933.1,0,0,03/09/2026,0.354166667
Localidad: Cumbres,108,92,2.5,6.1,18.3,0,933.1,0,0,04/09/2026,0.347222222
Localidad: Cumbres,102,87,3,6.5,17.8,0,933.1,0,0,05/09/2026,0.340277778
Localidad: Cumbres,123,109,2.5,5,17.4,0,933,0,0,06/09/2026,0.333333333
Localidad: Cumbres,94,90,1.9,5,17.3,0,932.9,0,0,07/09/2026,0.326388889
Localidad: Cumbres,93,51,0.5,2.5,16.7,0,932.8,0,0,08/09/2026,0.319444444
Localidad: Cumbres,183,220,0.8,3.2,16.3,0,932.8,0,0,09/09/2026,0.3125
Localidad: Cumbres,22,346,1.1,3.2,16,0,932.5,0,0,10/09/2026,0.305555556
Localidad: Cumbres,201,189,4,7.6,15.5,0,932.3,0,0,11/09/2026,0.298611111
Localidad: Cumbres,288,320,3,6.5,15.3,0,932.3,0,0,12/09/2026,0.291666667
Localidad: Cumbres,281,318,2.5,5,15.2,0,932.1,0,0,13/09/2026,0.284722222
Localidad: Cumbres,250,323,3.3,7.6,15,0,932,0,0,14/09/2026,0.277777778
Localidad: Cumbres,274,318,2.1,4.7,15.1,0,932.1,0,0,15/09/2026,0.270833333
Localidad: Cumbres,287,297,2.2,5.4,15.1,0,932,0,0,16/09/2026,0.263888889
Localidad: Cumbres,299,317,3.4,6.8,15,0,932,0,0,17/09/2026,0.256944444
Localidad: Cumbres,266,288,1.3,4.7,15.1,0,931.9,0,0,18/09/2026,0.25
Localidad: Cumbres,295,325,2.2,6.1,15.1,0,931.8,0,0,19/09/2026,0.243055556
Localidad: Cumbres,295,318,4.1,10.4,15.1,0,931.6,0,0,20/09/2026,0.236111111
Localidad: Cumbres,286,301,3.9,7.9,15.1,0,931.4,0,0,21/09/2026,0.229166667
Localidad: Cumbres,267,317,2.9,6.8,15.2,0,931.2,0,0,22/09/2026,0.222222222
Localidad: Cumbres,286,319,1.8,6.1,15.2,0,930.9,0,0,23/09/2026,0.215277778
Localidad: Cumbres,280,303,3.2,6.5,15.1,0,930.8,0,0,24/09/2026,0.208333333
Localidad: Cumbres,238,180,2.6,6.5,15.2,0,930.5,0,0,25/09/2026,0.201388889
Localidad: Cumbres,253,167,1.4,3.6,15.2,0,930.2,0,0,26/09/2026,0.194444444
Localidad: Cumbres,287,228,2.3,6.1,15.2,0,930.1,0,0,27/09/2026,0.1875
Localidad: Cumbres,287,309,2,5.4,15.3,0,930,0,0,28/09/2026,0.180555556
Localidad: Cumbres,246,202,3.2,6.1,15.3,0,929.9,0,0,29/09/2026,0.173611111
Localidad: Cumbres,277,196,1.2,3.2,15.3,0,929.8,0,0,30/09/2026,0.166666667
Localidad: Cumbres,291,348,2.3,5,15.3,0,930,0,0,01/10/2026,0.159722222
Localidad: Cumbres,268,221,1.7,4,15.4,0,930.1,0,0,02/10/2026,0.152777778
Localidad: Cumbres,212,147,1.1,4,15.5,0,930,0,0,03/10/2026,0.145833333
Localidad: Cumbres,246,336,2.3,5.4,15.5,0,930,0,0,04/10/2026,0.138888889
Localidad: Cumbres,242,318,2.2,4.7,15.6,0,930.2,0,0,05/10/2026,0.131944444
Localidad: Cumbres,225,212,3.7,9.7,15.5,8,930.3,0,0,06/10/2026,0.125
Localidad: Cumbres,279,312,3.8,9,15.5,25,930.6,0,0,07/10/2026,0.118055556
Localidad: Cumbres,266,306,3.1,6.8,15.6,32,930.7,0,0,08/10/2026,0.111111111
Localidad: Cumbres,293,321,2.9,7.2,15.7,44,930.7,0,0,09/10/2026,0.104166667
Localidad: Cumbres,274,300,1.5,4.3,16,15,930.9,0,0,10/10/2026,0.097222222
Localidad: Cumbres,265,292,2.6,7.2,16,6,931.1,0,0,11/10/2026,0.090277778
Localidad: Cumbres,257,296,2.7,8.3,15.9,34,931.1,0,0,12/10/2026,0.083333333
Localidad: Cumbres,269,315,3,5.8,16,49,931.1,0,0,13/10/2026,0.076388889
Localidad: Cumbres,352,332,1.3,3.6,16.2,40,931.1,0,0,14/10/2026,0.069444444
Localidad: Cumbres,293,313,2.2,8.3,16.2,50,931.3,0,0,15/10/2026,0.0625
Localidad: Cumbres,261,298,2.6,7.6,16.3,54,931.6,0,0,16/10/2026,0.055555556
Localidad: Cumbres,267,184,2.1,5,16.5,46,931.8,0,0,17/10/2026,0.048611111
Localidad: Cumbres,305,305,4.3,7.2,16.5,61,931.8,0,0,18/10/2026,0.041666667
Localidad: Cumbres,244,159,2.6,7.6,16.5,71,931.9,0,0,19/10/2026,0.034722222
Localidad: Cumbres,299,310,3.1,6.1,16.6,83,931.9,0,0,20/10/2026,0.027777778
Localidad: Cumbres,238,197,2.9,6.8,16.8,86,931.9,0,0,21/10/2026,0.020833333
Localidad: Cumbres,229,324,2.9,7.2,17,77,932.1,0,0,22/10/2026,0.013888889
Localidad: Cumbres,269,308,4.5,9,17,82,932.3,0,0,23/10/2026,0.006944444
Localidad: Cumbres,237,185,3.5,6.5,17,93,932.6,0,0,24/10/2026,0
Localidad: Cumbres,281,311,2.1,7.2,17.1,95,932.8,0,0,25/10/2026,0.993055556
Localidad: Cumbres,216,183,4.1,8.6,17.1,97,933,0,0,26/10/2026,0.986111111
Localidad: Cumbres,47,351,2.1,5.8,17.1,100,933.1,0,0,27/10/2026,0.979166667
Localidad: Cumbres,231,245,3.4,11.5,17.1,100,933,0,0,28/10/2026,0.972222222
Localidad: Cumbres,257,272,2,4.7,17.1,100,932.8,0,0,29/10/2026,0.965277778
Localidad: Cumbres,243,203,2.2,5,17.2,100,932.7,0,0,30/10/2026,0.958333333
Localidad: Cumbres,300,280,2.5,8.6,17.3,100,932.6,0,0,31/10/2026,0.951388889
Localidad: Cumbres,267,291,2.5,6.5,17.4,100,932.5,0,0,01/11/2026,0.944444444
Localidad: Cumbres,248,207,3.4,7.9,17.5,100,932.4,0,0,02/11/2026,0.9375
Localidad: Cumbres,207,201,3.3,7.6,17.6,100,932.3,0,0,03/11/2026,0.930555556
Localidad: Cumbres,316,307,2.9,5.8,17.7,100,932.1,0,0,04/11/2026,0.923611111
Localidad: Cumbres,281,325,3.3,7.6,17.9,100,932.1,0,0,05/11/2026,0.916666667
Localidad: Cumbres,235,170,2.8,6.8,18.1,100,932.1,0,0,06/11/2026,0.909722222
Localidad: Cumbres,277,280,2.2,5.8,18.4,100,932.1,0,0,07/11/2026,0.902777778
Localidad: Cumbres,233,214,2.6,7.9,18.6,100,931.8,0,0,08/11/2026,0.895833333
Localidad: Cumbres,259,223,1.7,7.6,18.8,100,931.8,0,0,09/11/2026,0.888888889
Localidad: Cumbres,267,213,3.6,7.9,19,100,931.8,0,0,10/11/2026,0.881944444
Localidad: Cumbres,270,310,2.5,6.5,19.3,100,931.5,0,0,11/11/2026,0.875
Localidad: Cumbres,248,212,1.9,5,19.6,100,931.6,0,0,12/11/2026,0.868055556
Localidad: Cumbres,300,298,4.7,11.9,19.8,100,931.5,0,0,13/11/2026,0.861111111
Localidad: Cumbres,360,30,4.2,10.1,20.1,100,931.2,0,0,14/11/2026,0.854166667
Localidad: Cumbres,328,308,3.6,9.7,20.4,100,931.1,0,0,15/11/2026,0.847222222
Localidad: Cumbres,8,354,4.1,13,20.7,100,931.1,0,0,16/11/2026,0.840277778
Localidad: Cumbres,1,341,4.4,11.5,21.1,100,931,0,0,17/11/2026,0.833333333
Localidad: Cumbres,244,243,2.2,7.6,21.6,100,930.9,0,0,18/11/2026,0.826388889
Localidad: Cumbres,28,28,5.4,15.8,22,100,930.9,0,0,19/11/2026,0.819444444
Localidad: Cumbres,1,36,7.7,21.2,22,100,930.8,0,0,20/11/2026,0.8125
Localidad: Cumbres,24,31,6.8,22,21.9,100,930.7,0,0,21/11/2026,0.805555556
Localidad: Cumbres,192,205,3.4,9,22.6,100,930.3,0,0,22/11/2026,0.798611111
Localidad: Cumbres,73,53,5.3,19.8,23.1,96,929.7,0,0,23/11/2026,0.791666667
Localidad: Cumbres,10,3,9.3,19.8,22.8,98,929.6,0,0,24/11/2026,0.784722222
Localidad: Cumbres,84,48,4,14.8,22.6,100,929.4,0,0,25/11/2026,0.777777778
Localidad: Cumbres,354,347,5.4,13,22.9,100,929.4,0,0,26/11/2026,0.770833333
Localidad: Cumbres,339,18,10,24.1,23.3,100,929.2,0,0,27/11/2026,0.763888889
Localidad: Cumbres,61,44,8.1,24.1,23.5,99,929.3,0,0,28/11/2026,0.756944444
Localidad: Cumbres,22,356,7.2,23.8,23.7,98,929.5,0,0,29/11/2026,0.75
Localidad: Cumbres,71,85,8.7,24.8,24,95,929.7,0,0,30/11/2026,0.743055556
Localidad: Cumbres,84,43,7.7,21.2,24.2,89,930.2,0,0,01/12/2026,0.736111111
Localidad: Cumbres,185,197,7.4,23.4,24.3,90,930.3,0,0,02/12/2026,0.729166667
Localidad: Cumbres,315,199,4.7,29.5,24.2,98,929.9,0.2,0,03/12/2026,0.722222222
Localidad: Cumbres,208,197,4.5,10.4,24.5,100,929.7,0,0,04/12/2026,0.715277778
Localidad: Cumbres,19,75,1.5,5,24.5,100,929.4,0,0,05/12/2026,0.708333333
Localidad: Cumbres,128,69,1.4,4.3,24.3,99,929.3,0,0,06/12/2026,0.701388889
Localidad: Cumbres,287,299,3.5,10.1,23.7,99,929.6,0,0,07/12/2026,0.694444444
Localidad: Cumbres,29,31,5.6,11.9,22.7,100,929.9,0,0,08/12/2026,0.6875
Localidad: Cumbres,302,316,5.6,13,22.3,100,930.1,0,0,09/12/2026,0.680555556
Localidad: Cumbres,214,152,5.1,12.2,22.5,100,930.4,0,0,10/12/2026,0.673611111
Localidad: Cumbres,9,353,2.7,9,22.7,100,930.7,0,0,11/12/2026,0.666666667
Localidad: Cumbres,316,340,3.5,8.3,23.2,100,930.3,0,0,12/12/2026,0.659722222
Localidad: Cumbres,196,202,4.2,8.3,23.6,100,930.6,0,0,13/12/2026,0.652777778
Localidad: Cumbres,39,28,6.1,18.4,23.8,100,930.6,0,0,14/12/2026,0.645833333
Localidad: Cumbres,82,357,4.2,16.6,24,100,930.5,0,0,15/12/2026,0.638888889
Localidad: Cumbres,187,188,2.4,8.3,24.3,99,930.8,0,0,16/12/2026,0.631944444
Localidad: Cumbres,189,202,4,7.9,24.6,99,931.1,0,0,17/12/2026,0.625
Localidad: Cumbres,135,311,1.3,4.7,24.9,95,931.5,0,0,18/12/2026,0.618055556
Localidad: Cumbres,178,188,2.6,6.8,25.3,87,931.5,0,0,19/12/2026,0.611111111
Localidad: Cumbres,277,263,1.3,3.2,25.3,82,931.4,0,0,20/12/2026,0.604166667
Localidad: Cumbres,219,206,1.9,4.7,25.2,83,931.3,0,0,21/12/2026,0.597222222
Localidad: Cumbres,136,180,2.1,4.3,25.5,83,931.4,0,0,22/12/2026,0.590277778
Localidad: Cumbres,169,169,1.2,2.9,25.2,86,931.5,0,0,23/12/2026,0.583333333
Localidad: Cumbres,59,58,1.8,4.7,25.3,90,931.6,0,0,24/12/2026,0.576388889
Localidad: Cumbres,20,50,1.8,5.4,25,91,931.5,0,0,25/12/2026,0.569444444
Localidad: Cumbres,268,236,2.3,4.3,24.1,100,931.7,0,0,26/12/2026,0.5625
Localidad: Cumbres,151,130,2.7,6.1,23.9,100,931.9,0,0,27/12/2026,0.555555556
Localidad: Cumbres,141,116,1.4,3.6,23.4,100,932,0,0,28/12/2026,0.548611111
Localidad: Cumbres,153,138,3.3,5.8,22.8,100,932.1,0,0,29/12/2026,0.541666667
Localidad: Cumbres,176,197,2.8,5.4,22.5,100,932.2,0,0,30/12/2026,0.534722222
Localidad: Cumbres,185,189,2.9,5,22.5,100,932.3,0,0,31/12/2026,0.527777778
Localidad: Cumbres,223,191,1.6,4,22.6,100,932.4,0,0,01/01/2027,0.520833333
Localidad: Cumbres,226,213,2,4,22.6,100,932.3,0,0,02/01/2027,0.513888889
Localidad: Cumbres,215,197,3.3,5.4,22.7,100,932.3,0,0,03/01/2027,0.506944444
Localidad: Cumbres,173,182,1.7,5,22.8,100,932.5,0,0,04/01/2027,0.5
Localidad: Cumbres,91,95,2.3,6.5,22.9,100,932.4,0,0,05/01/2027,0.493055556
Localidad: Cumbres,316,20,1.2,3.2,22.8,100,932.4,0,0,06/01/2027,0.486111111
Localidad: Cumbres,324,351,1.6,4.3,22.5,100,932.4,0,0,07/01/2027,0.479166667
Localidad: Cumbres,199,175,1.7,4.7,22.3,100,932.5,0,0,08/01/2027,0.472222222
Localidad: Cumbres,198,180,1.5,4,22,100,932.5,0,0,09/01/2027,0.465277778
Localidad: Cumbres,203,190,2.8,5.4,21.8,100,932.6,0,0,10/01/2027,0.458333333
Localidad: Cumbres,112,93,2.7,6.8,21.7,100,932.6,0,0,11/01/2027,0.451388889
Localidad: Cumbres,89,91,5.3,11.5,21.7,100,932.7,0,0,12/01/2027,0.444444444
Localidad: Cumbres,88,93,6,13,21.8,100,932.7,0,0,13/01/2027,0.4375
Localidad: Cumbres,86,72,6.5,18.7,21.9,100,932.6,0,0,14/01/2027,0.430555556
Localidad: Cumbres,116,75,2.7,6.8,21.8,100,932.5,0,0,15/01/2027,0.423611111
Localidad: Cumbres,79,54,5.6,14,21.7,100,932.6,0,0,16/01/2027,0.416666667
Localidad: Cumbres,97,95,4.1,9.7,21.7,100,932.7,0,0,17/01/2027,0.409722222
Localidad: Cumbres,135,94,3.9,12.2,21.7,100,932.8,0,0,18/01/2027,0.402777778
Localidad: Cumbres,101,98,3.8,9.7,21.7,100,932.8,0,0,19/01/2027,0.395833333
Localidad: Cumbres,76,74,6.3,13.3,21.7,49,932.8,0,0,20/01/2027,0.388888889
Localidad: Cumbres,76,62,3.9,10.4,21.3,0,932.6,0,0,21/01/2027,0.381944444
Localidad: Cumbres,92,103,5,13.3,20.8,0,932.5,0,0,22/01/2027,0.375
Localidad: Cumbres,78,56,6.3,12.2,20.8,0,932.5,0,0,23/01/2027,0.368055556
Localidad: Cumbres,76,90,7.3,16.6,20.8,0,932.4,0,0,24/01/2027,0.361111111
Localidad: Cumbres,80,77,4.1,11.2,20.6,0,932.3,0,0,25/01/2027,0.354166667
Localidad: Cumbres,67,82,1.9,5.4,20.4,0,932.3,0,0,26/01/2027,0.347222222
Localidad: Cumbres,150,122,2.3,8.3,20.2,0,932.3,0,0,27/01/2027,0.340277778
Localidad: Cumbres,205,168,1,3.2,20.1,0,932.1,0,0,28/01/2027,0.333333333
Localidad: Cumbres,75,62,2.9,10.4,19.9,0,932,0,0,29/01/2027,0.326388889
Localidad: Cumbres,76,88,2.5,7.9,19.7,0,931.8,0,0,30/01/2027,0.319444444
Localidad: Cumbres,118,166,1.3,3.2,19.6,0,931.6,0,0,31/01/2027,0.3125
Localidad: Cumbres,225,198,1.2,3.6,19.4,0,931.5,0,0,01/02/2027,0.305555556
Localidad: Cumbres,264,257,1.6,3.2,19.1,0,931.3,0,0,02/02/2027,0.298611111
Localidad: Cumbres,236,183,1.9,3.6,18.9,0,931.2,0,0,03/02/2027,0.291666667
Localidad: Cumbres,282,308,1.7,4.3,18.8,0,930.9,0,0,04/02/2027,0.284722222
Localidad: Cumbres,225,213,3.3,9.4,18.8,0,930.7,0,0,05/02/2027,0.277777778
Localidad: Cumbres,233,294,2.5,6.1,18.9,0,930.3,0,0,06/02/2027,0.270833333
Localidad: Cumbres,270,299,1.7,4.3,18.9,0,930.1,0,0,07/02/2027,0.263888889
Localidad: Cumbres,233,216,2.8,5.4,19,0,930,0,0,08/02/2027,0.256944444
Localidad: Cumbres,243,321,2.7,5.4,19,0,929.7,0,0,09/02/2027,0.25
Localidad: Cumbres,261,202,1.7,5.8,19,0,929.4,0,0,10/02/2027,0.243055556
Localidad: Cumbres,302,311,1.1,4.3,19.1,0,929.3,0,0,11/02/2027,0.236111111
Localidad: Cumbres,258,327,1.2,4,19,0,929.1,0,0,12/02/2027,0.229166667
Localidad: Cumbres,216,192,1.1,4.7,19,0,929.1,0,0,13/02/2027,0.222222222
Localidad: Cumbres,243,214,1.7,4.3,19,0,929.1,0,0,14/02/2027,0.215277778
Localidad: Cumbres,238,308,1.8,5,19,0,929.2,0,0,15/02/2027,0.208333333
Localidad: Cumbres,237,206,2.8,7.2,18.9,0,929.1,0,0,16/02/2027,0.201388889
Localidad: Cumbres,301,60,1.5,3.2,18.8,0,929,0,0,17/02/2027,0.194444444
Localidad: Cumbres,266,212,1.6,3.6,18.8,0,928.8,0,0,18/02/2027,0.1875
Localidad: Cumbres,197,190,3.1,5.4,18.8,0,928.7,0,0,19/02/2027,0.180555556
Localidad: Cumbres,252,298,2.5,5.8,18.7,0,928.6,0,0,20/02/2027,0.173611111
Localidad: Cumbres,209,196,3.4,7.6,18.7,0,928.7,0,0,21/02/2027,0.166666667
Localidad: Cumbres,218,184,1.3,5.4,18.8,0,928.8,0,0,22/02/2027,0.159722222
Localidad: Cumbres,72,72,0.7,2.5,18.8,0,928.8,0,0,23/02/2027,0.152777778
Localidad: Cumbres,210,195,2.9,6.5,18.8,0,928.9,0,0,24/02/2027,0.145833333
Localidad: Cumbres,268,239,0.8,3.6,18.8,0,928.9,0,0,25/02/2027,0.138888889
Localidad: Cumbres,198,223,2.9,6.1,18.8,2,929,0,0,26/02/2027,0.131944444
Localidad: Cumbres,291,310,2.4,3.6,18.9,16,929,0,0,27/02/2027,0.125
Localidad: Cumbres,224,196,3.1,5.4,19.2,1,929.1,0,0,28/02/2027,0.118055556
Localidad: Cumbres,248,178,2.1,4.7,19.3,1,929.2,0,0,01/03/2027,0.111111111
Localidad: Cumbres,237,207,2.1,5,19.5,24,929.3,0,0,02/03/2027,0.104166667
Localidad: Cumbres,234,211,1.3,4.3,19.8,10,929.4,0,0,03/03/2027,0.097222222
Localidad: Cumbres,225,172,2.5,4,20,0,929.5,0,0,04/03/2027,0.090277778
Localidad: Cumbres,289,342,1.9,3.2,20,0,929.7,0,0,05/03/2027,0.083333333
Localidad: Cumbres,193,190,2.3,4.3,20.1,0,929.9,0,0,06/03/2027,0.076388889
Localidad: Cumbres,353,29,2,8.6,20,5,930,0,0,07/03/2027,0.069444444
Localidad: Cumbres,320,332,0.9,2.9,20.1,21,930,0,0,08/03/2027,0.0625
Localidad: Cumbres,202,198,0.9,2.5,20.1,35,930.1,0,0,09/03/2027,0.055555556
Localidad: Cumbres,161,58,0.9,2.9,20.2,48,930.3,0,0,10/03/2027,0.048611111
Localidad: Cumbres,227,216,2.4,5.8,20.3,57,930.5,0,0,11/03/2027,0.041666667
Localidad: Cumbres,212,48,2.7,11.9,20.3,60,930.6,0,0,12/03/2027,0.034722222
Localidad: Cumbres,93,45,3.3,11.2,20.4,68,930.6,0.2,0,13/03/2027,0.027777778
Localidad: Cumbres,15,348,5.1,17.3,20.4,62,930.4,0,0,14/03/2027,0.020833333
Localidad: Cumbres,12,15,12.8,33.8,20.4,51,930.5,0,0,15/03/2027,0.013888889
Localidad: Cumbres,76,67,4,13.7,20.4,54,931.2,0,0,16/03/2027,0.006944444
Localidad: Cumbres,19,350,4.3,12.2,20.4,59,931.3,0,0,17/03/2027,0
Localidad: Cumbres,353,10,6,15.8,20.5,59,930.9,0,0,18/03/2027,0.993055556
Localidad: Cumbres,3,349,5.5,14.8,20.5,63,930.9,0,0,19/03/2027,0.986111111
Localidad: Cumbres,9,338,8.1,17.6,20.5,60,930.9,0,0,20/03/2027,0.979166667
Localidad: Cumbres,11,57,8.3,22.3,20.5,61,931.2,0,0,21/03/2027,0.972222222
Localidad: Cumbres,18,1,7.5,20.5,20.5,69,931.4,0,0,22/03/2027,0.965277778
Localidad: Cumbres,14,21,6.2,17.6,20.6,68,931.5,0,0,23/03/2027,0.958333333
Localidad: Cumbres,3,26,8.9,19.1,20.6,63,931.6,0,0,24/03/2027,0.951388889
Localidad: Cumbres,5,35,9.5,19.1,20.6,63,931.5,0,0,25/03/2027,0.944444444
Localidad: Cumbres,7,38,11.2,22.3,20.7,61,931.4,0,0,26/03/2027,0.9375
Localidad: Cumbres,356,2,9.5,20.5,20.7,69,931.4,0,0,27/03/2027,0.930555556
Localidad: Cumbres,5,359,8.3,18,20.7,71,931.4,0,0,28/03/2027,0.923611111
Localidad: Cumbres,358,18,8.6,19.4,20.6,64,931.5,0,0,29/03/2027,0.916666667
Localidad: Cumbres,351,6,7,19.1,20.5,66,931.5,0,0,30/03/2027,0.909722222
Localidad: Cumbres,355,354,8.4,17.6,20.3,66,931.5,0,0,31/03/2027,0.902777778
Localidad: Cumbres,346,351,6.2,12.2,20.3,79,931.4,0,0,01/04/2027,0.895833333
Localidad: Cumbres,346,354,8.3,19.1,20.1,84,931.4,0,0,02/04/2027,0.888888889
Localidad: Cumbres,339,20,8.2,19.8,20,78,931.4,0,0,03/04/2027,0.881944444
Localidad: Cumbres,332,356,10.5,23.4,19.6,93,931.4,0,0,04/04/2027,0.875
Localidad: Cumbres,347,44,7,18.4,19.4,99,931.3,0,0,05/04/2027,0.868055556
Localidad: Cumbres,202,233,3.8,7.6,19.4,100,931.2,0,0,06/04/2027,0.861111111
Localidad: Cumbres,306,321,3,9,19.4,100,931.2,0,0,07/04/2027,0.854166667
Localidad: Cumbres,246,232,2.5,6.8,19.5,100,931,0,0,08/04/2027,0.847222222
Localidad: Cumbres,239,192,2.9,9,19.7,100,930.4,0,0,09/04/2027,0.840277778
Localidad: Cumbres,23,335,2.4,11.9,20,100,930.3,0,0,10/04/2027,0.833333333
Localidad: Cumbres,319,315,5.4,10.4,20.3,100,930.8,0,0,11/04/2027,0.826388889
Localidad: Cumbres,162,156,2.5,8.3,20.6,100,931.2,0,0,12/04/2027,0.819444444
Localidad: Cumbres,182,180,2.6,7.6,20.9,100,931.4,0,0,13/04/2027,0.8125
Localidad: Cumbres,205,181,3.1,8.6,21.3,100,931.3,0,0,14/04/2027,0.805555556
Localidad: Cumbres,213,195,3.9,7.9,21.4,100,931.2,0,0,15/04/2027,0.798611111
Localidad: Cumbres,286,349,2.9,8.6,21.8,100,930.8,0,0,16/04/2027,0.791666667
Localidad: Cumbres,344,339,1.6,5.4,22.2,100,930.6,0,0,17/04/2027,0.784722222
Localidad: Cumbres,344,342,5,13.3,22.6,100,930.4,0,0,18/04/2027,0.777777778
Localidad: Cumbres,359,19,6,18.7,22.9,95,930.3,0,0,19/04/2027,0.770833333
Localidad: Cumbres,359,346,10.5,18.4,23.2,91,930.2,0,0,20/04/2027,0.763888889
Localidad: Cumbres,10,37,13.3,26.6,23.4,88,930,0,0,21/04/2027,0.756944444
Localidad: Cumbres,355,0,8.2,23,23.5,88,930.1,0,0,22/04/2027,0.75
Localidad: Cumbres,358,26,10.5,26.6,23.7,84,930,0,0,23/04/2027,0.743055556
Localidad: Cumbres,3,340,14.4,30.2,23.7,83,929.9,0,0,24/04/2027,0.736111111
Localidad: Cumbres,359,21,15.2,33.1,23.9,83,929.9,0,0,25/04/2027,0.729166667
Localidad: Cumbres,14,44,15.3,31,24.1,82,929.8,0,0,26/04/2027,0.722222222
Localidad: Cumbres,3,358,11.8,29.5,24.2,83,929.8,0,0,27/04/2027,0.715277778
Localidad: Cumbres,359,354,12,28.1,24,86,930,0,0,28/04/2027,0.708333333
Localidad: Cumbres,9,37,9.3,24.8,23.8,88,930.1,0,0,29/04/2027,0.701388889
Localidad: Cumbres,355,348,6.6,11.5,23.6,91,930.3,0,0,30/04/2027,0.694444444
Localidad: Cumbres,349,348,6.4,22.3,23.5,96,930.5,0,0,01/05/2027,0.6875
Localidad: Cumbres,340,336,6.3,17.6,23.5,96,930.5,0,0,02/05/2027,0.680555556
Localidad: Cumbres,334,327,7.3,15.8,23.8,94,930.6,0,0,03/05/2027,0.673611111
Localidad: Cumbres,354,346,8.3,24.1,24,85,930.6,0,0,04/05/2027,0.666666667
Localidad: Cumbres,29,2,10.4,32.4,24.3,81,930.8,0,0,05/05/2027,0.659722222
Localidad: Cumbres,19,24,12.6,37.1,24.4,83,930.7,0,0,06/05/2027,0.652777778
Localidad: Cumbres,10,37,10.6,27,24.5,86,930.8,0,0,07/05/2027,0.645833333
Localidad: Cumbres,11,42,11.2,25.9,24.2,91,931,0,0,08/05/2027,0.638888889
Localidad: Cumbres,20,0,12.2,36,24,97,931.2,0,0,09/05/2027,0.631944444
Localidad: Cumbres,21,45,10.4,24.1,24.1,99,931.3,0,0,10/05/2027,0.625
Localidad: Cumbres,19,54,10.9,23.8,24,100,931.5,0,0,11/05/2027,0.618055556
Localidad: Cumbres,25,21,11.4,36,23.8,100,931.6,0,0,12/05/2027,0.611111111
Localidad: Cumbres,23,21,11,26.6,23.8,100,931.6,0,0,13/05/2027,0.604166667
Localidad: Cumbres,32,25,11.7,27,24.1,100,931.8,0,0,14/05/2027,0.597222222
Localidad: Cumbres,8,23,11.9,27,23.8,100,932,0,0,15/05/2027,0.590277778
Localidad: Cumbres,13,353,7.6,16.2,23.3,100,932.2,0,0,16/05/2027,0.583333333
Localidad: Cumbres,22,59,6.4,19.1,23.4,100,932.3,0,0,17/05/2027,0.576388889
Localidad: Cumbres,18,60,7.8,18,23.1,100,932.4,0,0,18/05/2027,0.569444444
Localidad: Cumbres,10,18,7.3,20.9,22.7,100,932.6,0,0,19/05/2027,0.5625
Localidad: Cumbres,17,14,5.9,19.8,22.6,100,932.7,0,0,20/05/2027,0.555555556
Localidad: Cumbres,356,25,5.3,16.9,22.1,100,932.9,0,0,21/05/2027,0.548611111
Localidad: Cumbres,16,14,5,13.3,21.4,100,933,0,0,22/05/2027,0.541666667
Localidad: Cumbres,3,354,10.6,28.8,20.8,100,933.1,0,0,23/05/2027,0.534722222
Localidad: Cumbres,346,18,7.4,15.8,20.5,100,933.2,0,0,24/05/2027,0.527777778
Localidad: Cumbres,10,20,9.1,18.7,20.3,100,933.4,0,0,25/05/2027,0.520833333
Localidad: Cumbres,347,18,8,19.1,20.2,99,933.6,0,0,26/05/2027,0.513888889
Localidad: Cumbres,12,9,9.8,19.8,19.9,91,933.7,0,0,27/05/2027,0.506944444
Localidad: Cumbres,357,16,9.2,18.4,19.7,69,933.9,0,0,28/05/2027,0.5
Localidad: Cumbres,354,25,9.2,17.3,19.6,63,934,0,0,29/05/2027,0.493055556
Localidad: Cumbres,356,43,9,19.1,19.5,76,934.1,0,0,30/05/2027,0.486111111
Localidad: Cumbres,10,27,8.1,22.7,19.4,82,934.2,0,0,31/05/2027,0.479166667
Localidad: Cumbres,13,5,11.4,22.7,19.6,86,934.2,0,0,01/06/2027,0.472222222
Localidad: Cumbres,25,71,8.9,19.8,19.7,56,934.3,0,0,02/06/2027,0.465277778
Localidad: Cumbres,8,21,10,26.6,19.7,54,934.5,0,0,03/06/2027,0.458333333
Localidad: Cumbres,15,25,6.7,20.5,19.7,49,934.5,0,0,04/06/2027,0.451388889
Localidad: Cumbres,7,14,6.8,14.8,19.8,24,934.5,0,0,05/06/2027,0.444444444
Localidad: Cumbres,2,36,6.3,16.2,19.7,3,934.5,0,0,06/06/2027,0.4375
Localidad: Cumbres,3,9,6.1,15.5,19.6,0,934.4,0,0,07/06/2027,0.430555556
Localidad: Cumbres,8,28,6.2,18,19.5,1,934.4,0,0,08/06/2027,0.423611111
Localidad: Cumbres,16,22,8.1,19.4,19.6,0,934.4,0,0,09/06/2027,0.416666667
Localidad: Cumbres,26,26,5,11.5,19.6,0,934.3,0.2,0,10/06/2027,0.409722222
Localidad: Cumbres,7,36,6,20.5,19.4,0,934.2,0,0,11/06/2027,0.402777778
Localidad: Cumbres,9,38,6.8,15.5,19.2,0,934.2,0,0,12/06/2027,0.395833333
Localidad: Cumbres,21,35,8.2,18,19.2,0,934.2,0,0,13/06/2027,0.388888889
Localidad: Cumbres,14,20,8.2,18.4,19.2,0,934.1,0,0,14/06/2027,0.381944444
Localidad: Cumbres,17,8,8.9,18.4,19.2,0,934,0,0,15/06/2027,0.375
Localidad: Cumbres,18,33,7.5,15.5,19.2,0,934,0,0,16/06/2027,0.368055556
Localidad: Cumbres,18,348,8.3,15.5,19.1,0,933.9,0,0,17/06/2027,0.361111111
Localidad: Cumbres,10,19,8.6,17.3,19,0,933.8,0,0,18/06/2027,0.354166667
Localidad: Cumbres,7,22,7.7,17.6,19,0,933.7,0,0,19/06/2027,0.347222222
Localidad: Cumbres,355,342,7.9,15.8,19,0,933.6,0,0,20/06/2027,0.340277778
Localidad: Cumbres,8,17,9.5,19.8,19,0,933.6,0,0,21/06/2027,0.333333333
Localidad: Cumbres,16,40,6.9,13.7,19,0,933.5,0,0,22/06/2027,0.326388889
Localidad: Cumbres,15,26,5.6,11.9,18.9,0,933.5,0,0,23/06/2027,0.319444444
Localidad: Cumbres,13,40,4.2,9,18.9,0,933.4,0,0,24/06/2027,0.3125
Localidad: Cumbres,3,38,4.5,9,18.8,0,933.4,0,0,25/06/2027,0.305555556
Localidad: Cumbres,5,22,3.8,9.7,18.8,0,933.3,0,0,26/06/2027,0.298611111
Localidad: Cumbres,37,67,1.9,7.2,18.7,0,933.2,0,0,27/06/2027,0.291666667
Localidad: Cumbres,156,153,1.6,3.2,18.7,0,933,0,0,28/06/2027,0.284722222
Localidad: Cumbres,324,213,0.7,2.5,18.7,0,933,0,0,29/06/2027,0.277777778
Localidad: Cumbres,281,355,0.7,2.5,18.7,0,932.9,0,0,30/06/2027,0.270833333
Localidad: Cumbres,60,344,1.1,5.8,18.6,0,932.9,0,0,01/07/2027,0.263888889
Localidad: Cumbres,10,351,2.1,5,18.6,0,932.9,0,0,02/07/2027,0.256944444
Localidad: Cumbres,336,350,1.9,6.5,18.6,0,932.8,0,0,03/07/2027,0.25
Localidad: Cumbres,182,170,1,2.5,18.6,0,932.7,0,0,04/07/2027,0.243055556
Localidad: Cumbres,193,32,2.4,5.4,18.6,0,932.6,0,0,05/07/2027,0.236111111
Localidad: Cumbres,350,83,1.8,5.4,18.6,0,932.4,0,0,06/07/2027,0.229166667
Localidad: Cumbres,18,51,2.3,9.7,18.6,0,932.4,0,0,07/07/2027,0.222222222
Localidad: Cumbres,9,18,5.6,12.2,18.6,0,932.3,0,0,08/07/2027,0.215277778
Localidad: Cumbres,14,28,5.5,13,18.6,0,932.3,0,0,09/07/2027,0.208333333
Localidad: Cumbres,1,30,6.2,14,18.6,0,932.3,0,0,10/07/2027,0.201388889
Localidad: Cumbres,5,306,5.4,13.7,18.6,0,932.1,0,0,11/07/2027,0.194444444
Localidad: Cumbres,9,14,5.2,12.2,18.6,0,932,0,0,12/07/2027,0.1875
Localidad: Cumbres,354,14,5.4,13.7,18.7,0,931.8,0,0,13/07/2027,0.180555556
Localidad: Cumbres,6,37,8.2,22.7,18.7,0,931.8,0,0,14/07/2027,0.173611111
Localidad: Cumbres,13,42,9,22.3,18.7,0,931.8,0,0,15/07/2027,0.166666667
Localidad: Cumbres,15,36,9.3,26.3,18.7,0,931.9,0,0,16/07/2027,0.159722222
Localidad: Cumbres,14,56,8.7,25.2,18.6,0,931.9,0,0,17/07/2027,0.152777778
Localidad: Cumbres,27,42,7.2,24.5,18.6,0,932,0,0,18/07/2027,0.145833333
Localidad: Cumbres,21,19,7.5,20.2,18.6,0,932,0,0,19/07/2027,0.138888889
Localidad: Cumbres,30,52,8.5,25.9,18.6,0,932,0,0,20/07/2027,0.131944444
Localidad: Cumbres,19,36,9.2,21.6,18.7,0,931.9,0,0,21/07/2027,0.125
Localidad: Cumbres,18,28,9.5,26.6,18.7,0,931.9,0,0,22/07/2027,0.118055556
Localidad: Cumbres,10,40,9.4,19.1,18.7,0,932,0,0,23/07/2027,0.111111111
Localidad: Cumbres,22,23,6.6,16.2,18.7,0,932.1,0,0,24/07/2027,0.104166667
Localidad: Cumbres,14,28,5.4,16.2,18.7,0,932.1,0,0,25/07/2027,0.097222222
Localidad: Cumbres,12,20,10.3,21.2,18.7,0,932.3,0,0,26/07/2027,0.090277778
Localidad: Cumbres,14,33,9.1,20.9,18.7,0,932.3,0,0,27/07/2027,0.083333333
Localidad: Cumbres,0,327,9,18.4,18.7,0,932.3,0,0,28/07/2027,0.076388889
Localidad: Cumbres,20,356,7.7,16.9,18.7,0,932.4,0,0,29/07/2027,0.069444444
Localidad: Cumbres,13,18,9.4,20.2,18.6,0,932.5,0,0,30/07/2027,0.0625
Localidad: Cumbres,7,27,8,20.9,18.6,0,932.6,0,0,31/07/2027,0.055555556
Localidad: Cumbres,359,29,8.6,19.1,18.5,0,932.7,0,0,01/08/2027,0.048611111
Localidad: Cumbres,7,33,5.5,17.6,18.4,0,932.8,0,0,02/08/2027,0.041666667
Localidad: Cumbres,43,38,1.7,7.9,18.4,0,932.9,0,0,03/08/2027,0.034722222
Localidad: Cumbres,353,42,3.6,9.7,18.4,0,932.9,0,0,04/08/2027,0.027777778
Localidad: Cumbres,0,17,6.8,15.8,18.4,0,933,0,0,05/08/2027,0.020833333
Localidad: Cumbres,10,28,7.2,13.3,18.4,2,933,0,0,06/08/2027,0.013888889
Localidad: Cumbres,9,10,5,11.5,18.4,11,933.1,0,0,07/08/2027,0.006944444
Localidad: Cumbres,32,39,4.7,11.9,18.4,15,933.1,0,0,08/08/2027,0
Localidad: Cumbres,359,354,6.4,11.9,18.4,24,933.2,0,0,09/08/2027,0.993055556
Localidad: Cumbres,3,24,6,13,18.4,33,933.3,0,0,10/08/2027,0.986111111
Localidad: Cumbres,25,17,4.5,11.2,18.4,39,933.4,0,0,11/08/2027,0.979166667
Localidad: Cumbres,4,14,3.8,10.8,18.4,46,933.4,0,0,12/08/2027,0.972222222
Localidad: Cumbres,1,338,3.7,11.5,18.4,56,933.4,0,0,13/08/2027,0.965277778
Localidad: Cumbres,12,338,3.7,11.2,18.4,62,933.4,0,0,14/08/2027,0.958333333
Localidad: Cumbres,357,351,5.7,10.1,18.4,71,933.5,0,0,15/08/2027,0.951388889
Localidad: Cumbres,9,22,5.1,11.2,18.5,80,933.6,0,0,16/08/2027,0.944444444
Localidad: Cumbres,329,342,2.1,5.8,18.5,86,933.7,0,0,17/08/2027,0.9375
Localidad: Cumbres,346,112,0.8,3.6,18.5,94,933.8,0,0,18/08/2027,0.930555556
Localidad: Cumbres,265,110,1.3,4,18.5,100,933.8,0,0,19/08/2027,0.923611111
Localidad: Cumbres,235,225,2,4,18.5,100,933.9,0,0,20/08/2027,0.916666667
Localidad: Cumbres,199,180,3.1,7.9,18.5,100,934,0,0,21/08/2027,0.909722222
Localidad: Cumbres,359,26,3.8,11.2,18.6,100,933.9,0,0,22/08/2027,0.902777778
Localidad: Cumbres,357,355,6.1,11.5,18.6,100,933.9,0,0,23/08/2027,0.895833333
Localidad: Cumbres,351,7,7.2,16.2,18.6,100,933.8,0,0,24/08/2027,0.888888889
Localidad: Cumbres,349,16,8.5,19.1,18.6,100,933.7,0,0,25/08/2027,0.881944444
Localidad: Cumbres,351,15,8.8,15.8,18.6,100,933.7,0,0,26/08/2027,0.875
Localidad: Cumbres,350,22,8.7,19.1,18.7,100,933.8,0,0,27/08/2027,0.868055556
Localidad: Cumbres,352,333,8.5,19.4,18.8,100,933.8,0,0,28/08/2027,0.861111111
Localidad: Cumbres,355,16,9.3,18,19,100,933.7,0,0,29/08/2027,0.854166667
Localidad: Cumbres,352,26,10.5,19.8,19.2,100,933.6,0,0,30/08/2027,0.847222222
Localidad: Cumbres,356,11,10.7,22.3,19.2,100,933.6,0,0,31/08/2027,0.840277778
Localidad: Cumbres,355,337,8,16.2,19.2,100,933.5,0,0,01/09/2027,0.833333333
Localidad: Cumbres,359,19,9.8,25.6,19.2,100,933.4,0,0,02/09/2027,0.826388889
Localidad: Cumbres,351,346,8.8,16.2,19.2,100,933.3,0,0,03/09/2027,0.819444444
Localidad: Cumbres,359,6,8.5,16.2,19.1,100,933.2,0,0,04/09/2027,0.8125
Localidad: Cumbres,11,24,9.4,21.6,19.1,100,933.1,0,0,05/09/2027,0.805555556
Localidad: Cumbres,11,355,8.4,17.3,19.2,100,933,0,0,06/09/2027,0.798611111
Localidad: Cumbres,9,31,8.3,18.7,19.2,100,932.8,0,0,07/09/2027,0.791666667
Localidad: Cumbres,360,27,9.1,16.6,19.2,100,932.8,0,0,08/09/2027,0.784722222
Localidad: Cumbres,355,348,8.6,19.8,19.2,100,932.8,0,0,09/09/2027,0.777777778
Localidad: Cumbres,5,29,8.8,17.3,19.3,100,932.8,0,0,10/09/2027,0.770833333
Localidad: Cumbres,16,44,7.1,21.2,19.3,100,932.7,0,0,11/09/2027,0.763888889
Localidad: Cumbres,27,47,6.7,16.6,19.4,100,932.5,0,0,12/09/2027,0.756944444
Localidad: Cumbres,36,43,7.8,18.4,19.4,100,932.4,0,0,13/09/2027,0.75
Localidad: Cumbres,28,29,8.2,22.7,19.4,100,932.4,0,0,14/09/2027,0.743055556
Localidad: Cumbres,31,53,8.7,22.7,19.4,100,932.6,0,0,15/09/2027,0.736111111
Localidad: Cumbres,41,29,9.7,26.6,19.5,100,932.6,0,0,16/09/2027,0.729166667
Localidad: Cumbres,35,53,8.5,25.6,19.6,100,932.5,0,0,17/09/2027,0.722222222
Localidad: Cumbres,41,25,10.2,24.8,19.7,100,932.3,0,0,18/09/2027,0.715277778
Localidad: Cumbres,41,68,9.5,28.8,19.7,100,932.3,0,0,19/09/2027,0.708333333
Localidad: Cumbres,24,50,9.9,24.1,19.7,100,932.3,0,0,20/09/2027,0.701388889
Localidad: Cumbres,22,50,10.2,23,19.6,100,932.3,0,0,21/09/2027,0.694444444
Localidad: Cumbres,22,348,9.6,19.8,19.6,100,932.3,0.2,0,22/09/2027,0.6875
Localidad: Cumbres,10,19,8.1,22.7,19.5,100,932.3,0,0,23/09/2027,0.680555556
Localidad: Cumbres,19,20,10.4,22.3,19.3,100,932.4,0,0,24/09/2027,0.673611111
Localidad: Cumbres,14,41,8.6,17.6,19.2,100,932.4,0,0,25/09/2027,0.666666667
Localidad: Cumbres,21,24,7.4,19.1,19.1,100,932.5,0,0,26/09/2027,0.659722222
Localidad: Cumbres,10,30,8.6,21.2,19.1,100,932.6,0,0,27/09/2027,0.652777778
Localidad: Cumbres,23,33,7.5,20.9,19.2,100,932.6,0,0,28/09/2027,0.645833333
Localidad: Cumbres,32,49,8.1,22.7,19.4,100,932.7,0,0,29/09/2027,0.638888889
Localidad: Cumbres,38,21,9,20.9,19.6,100,932.7,0,0,30/09/2027,0.631944444
Localidad: Cumbres,36,54,10.7,25.9,19.9,100,932.7,0,0,01/10/2027,0.625
Localidad: Cumbres,37,39,10.1,22,20.4,100,932.8,0,0,02/10/2027,0.618055556
Localidad: Cumbres,27,51,7.5,22.3,20.7,100,932.9,0,0,03/10/2027,0.611111111
Localidad: Cumbres,358,34,4,11.2,20.5,100,933,0,0,04/10/2027,0.604166667
Localidad: Cumbres,22,66,5,13.7,20.2,100,933.1,0,0,05/10/2027,0.597222222
Localidad: Cumbres,35,47,7.1,18,19.9,100,933.2,0,0,06/10/2027,0.590277778
Localidad: Cumbres,38,61,9.2,24.1,19.9,100,933.3,0,0,07/10/2027,0.583333333
Localidad: Cumbres,51,53,7.6,23.8,20.4,100,933.5,0,0,08/10/2027,0.576388889
Localidad: Cumbres,49,78,6.7,17.6,21,100,933.5,0,0,09/10/2027,0.569444444
Localidad: Cumbres,37,44,5.6,14.8,21.7,100,933.5,0,0,10/10/2027,0.5625
Localidad: Cumbres,86,67,5.1,13.7,22,100,933.5,0,0,11/10/2027,0.555555556
Localidad: Cumbres,97,54,2.4,9.4,21,100,933.6,0,0,12/10/2027,0.548611111
Localidad: Cumbres,165,177,2.4,6.1,20.1,100,933.7,0,0,13/10/2027,0.541666667
Localidad: Cumbres,343,309,2.9,8.3,19.3,100,933.9,0,0,14/10/2027,0.534722222
Localidad: Cumbres,199,225,1.7,4.7,18.9,100,934,0,0,15/10/2027,0.527777778
Localidad: Cumbres,192,220,1.3,3.2,18.9,100,934.1,0,0,16/10/2027,0.520833333
Localidad: Cumbres,210,202,2.3,3.6,18.9,100,934.1,0,0,17/10/2027,0.513888889
Localidad: Cumbres,175,59,1.7,3.6,18.9,100,934.2,0,0,18/10/2027,0.506944444
Localidad: Cumbres,81,71,3.1,8.6,18.9,100,934.2,0,0,19/10/2027,0.5
Localidad: Cumbres,82,82,4.5,10.8,19,100,934.3,0,0,20/10/2027,0.493055556
Localidad: Cumbres,75,83,6.4,14.8,19.1,100,934.4,0,0,21/10/2027,0.486111111
Localidad: Cumbres,157,82,3.9,9.4,19.3,100,934.4,0,0,22/10/2027,0.479166667
Localidad: Cumbres,194,154,3.6,7.6,19.3,100,934.5,0,0,23/10/2027,0.472222222
Localidad: Cumbres,197,178,4.3,6.5,19.4,100,934.6,0,0,24/10/2027,0.465277778
Localidad: Cumbres,179,175,1.4,4.3,19.5,100,934.5,0,0,25/10/2027,0.458333333
Localidad: Cumbres,151,113,0.6,2.9,19.5,100,934.4,0,0,26/10/2027,0.451388889
Localidad: Cumbres,90,116,2.9,6.5,19.5,100,934.4,0,0,27/10/2027,0.444444444
Localidad: Cumbres,85,59,2.5,7.2,19.5,100,934.3,0,0,28/10/2027,0.4375
Localidad: Cumbres,125,174,0.9,3.2,19.5,100,934.1,0,0,29/10/2027,0.430555556
Localidad: Cumbres,185,153,2.2,5.8,19.5,100,934,0,0,30/10/2027,0.423611111
Localidad: Cumbres,169,167,2.9,5,19.6,100,933.9,0,0,31/10/2027,0.416666667
Localidad: Cumbres,186,198,2.1,5.4,19.5,100,933.8,0,0,01/11/2027,0.409722222
Localidad: Cumbres,166,173,2.3,6.8,19.3,100,933.8,0,0,02/11/2027,0.402777778
Localidad: Cumbres,180,159,4.5,9,19.1,100,933.8,0,0,03/11/2027,0.395833333
Localidad: Cumbres,200,194,3.9,6.5,19,100,933.8,0,0,04/11/2027,0.388888889
Localidad: Cumbres,185,203,3,6.5,18.8,100,933.7,0,0,05/11/2027,0.381944444
Localidad: Cumbres,152,85,2,4,18.7,100,933.6,0,0,06/11/2027,0.375
Localidad: Cumbres,83,67,3.4,6.8,18.6,30,933.5,0,0,07/11/2027,0.368055556
Localidad: Cumbres,93,96,3.8,7.6,18.4,0,933.4,0,0,08/11/2027,0.361111111
Localidad: Cumbres,94,98,3.6,7.6,17.9,0,933.2,0,0,09/11/2027,0.354166667
Localidad: Cumbres,92,91,4,8.6,17.5,0,933.1,0,0,10/11/2027,0.347222222
Localidad: Cumbres,90,81,3.4,7.6,17.3,0,933.1,0,0,11/11/2027,0.340277778
Localidad: Cumbres,104,93,0.7,3.2,16.9,0,933,0,0,12/11/2027,0.333333333
Localidad: Cumbres,73,54,1.4,5.4,16.7,0,932.9,0,0,13/11/2027,0.326388889
Localidad: Cumbres,86,45,1.1,3.6,16.4,0,932.8,0,0,14/11/2027,0.319444444
Localidad: Cumbres,177,182,1.8,4.7,15.9,0,932.7,0,0,15/11/2027,0.3125
Localidad: Cumbres,177,162,1.3,4.3,15.7,0,932.6,0,0,16/11/2027,0.305555556
Localidad: Cumbres,200,230,1.5,3.2,15.6,0,932.6,0,0,17/11/2027,0.298611111
Localidad: Cumbres,264,294,2.5,5.8,15.7,0,932.5,0,0,18/11/2027,0.291666667
Localidad: Cumbres,269,308,1.7,4,16,0,932.5,0,0,19/11/2027,0.284722222
Localidad: Cumbres,234,245,1.7,4,16.1,0,932.5,0,0,20/11/2027,0.277777778
Localidad: Cumbres,173,115,2.4,4.7,16,0,932.4,0,0,21/11/2027,0.270833333
Localidad: Cumbres,21,344,1.9,5,15.9,0,932.2,0,0,22/11/2027,0.263888889
Localidad: Cumbres,65,90,1.1,2.5,16.1,0,932.1,0,0,23/11/2027,0.256944444
Localidad: Cumbres,309,265,1.4,4.3,16.2,0,932.1,0,0,24/11/2027,0.25
Localidad: Cumbres,285,260,1.9,4,16.2,0,932.1,0,0,25/11/2027,0.243055556
Localidad: Cumbres,294,272,2.2,5,16.1,0,932,0,0,26/11/2027,0.236111111
Localidad: Cumbres,54,14,1.6,4.7,16.1,0,931.9,0,0,27/11/2027,0.229166667
Localidad: Cumbres,62,140,0.7,3.2,16.1,0,931.8,0,0,28/11/2027,0.222222222
Localidad: Cumbres,159,173,1.4,3.2,16,0,931.8,0,0,29/11/2027,0.215277778
Localidad: Cumbres,11,331,1.4,3.6,16,0,931.7,0,0,30/11/2027,0.208333333
Localidad: Cumbres,344,351,2,4.7,16.1,0,931.7,0,0,01/12/2027,0.201388889
Localidad: Cumbres,316,268,1.4,5,16.1,0,931.8,0,0,02/12/2027,0.194444444
Localidad: Cumbres,333,2,3.3,5.4,16.1,0,931.7,0,0,03/12/2027,0.1875
Localidad: Cumbres,343,85,1.4,4.3,16.2,0,931.7,0,0,04/12/2027,0.180555556
Localidad: Cumbres,198,45,1.9,6.1,16.3,0,931.7,0,0,05/12/2027,0.173611111
Localidad: Cumbres,340,50,3.7,13.3,16.3,0,931.7,0,0,06/12/2027,0.166666667
Localidad: Cumbres,346,14,3.2,9,16.4,0,931.8,0,0,07/12/2027,0.159722222
Localidad: Cumbres,332,327,4.4,11.5,16.4,0,931.8,0,0,08/12/2027,0.152777778
Localidad: Cumbres,353,318,4.2,11.5,16.3,1,931.8,0,0,09/12/2027,0.145833333
Localidad: Cumbres,333,19,6.1,15.5,16.3,11,931.9,0,0,10/12/2027,0.138888889
Localidad: Cumbres,343,33,7,19.1,16.3,32,931.8,0,0,11/12/2027,0.131944444
Localidad: Cumbres,359,350,6.5,14.4,16.4,32,931.9,0,0,12/12/2027,0.125
Localidad: Cumbres,356,359,4.7,13.3,16.5,43,932.1,0,0,13/12/2027,0.118055556
Localidad: Cumbres,345,345,5.9,16.6,16.6,46,932.3,0,0,14/12/2027,0.111111111
Localidad: Cumbres,6,36,6.5,14,16.7,54,932.5,0,0,15/12/2027,0.104166667
Localidad: Cumbres,2,338,5.9,14.4,16.8,59,932.6,0,0,16/12/2027,0.097222222
Localidad: Cumbres,3,20,9.1,20.5,16.8,55,932.8,0,0,17/12/2027,0.090277778
Localidad: Cumbres,8,18,10,22.3,16.8,55,932.9,0,0,18/12/2027,0.083333333
Localidad: Cumbres,5,29,10.2,24.5,16.8,53,932.8,0,0,19/12/2027,0.076388889
Localidad: Cumbres,5,358,5.7,14,16.8,57,932.8,0,0,20/12/2027,0.069444444
Localidad: Cumbres,12,26,5.9,16.9,16.9,58,933,0,0,21/12/2027,0.0625
Localidad: Cumbres,13,25,5.8,19.8,17,54,933.1,0,0,22/12/2027,0.055555556
Localidad: Cumbres,8,23,8.3,19.8,17,45,933.3,0,0,23/12/2027,0.048611111
Localidad: Cumbres,2,17,10.7,23.4,17,39,933.2,0,0,24/12/2027,0.041666667
Localidad: Cumbres,15,16,6.8,15.8,17,35,933.3,0,0,25/12/2027,0.034722222
Localidad: Cumbres,1,333,8.5,16.6,17.1,33,933.4,0,0,26/12/2027,0.027777778
Localidad: Cumbres,17,349,11.5,26.3,17.1,32,933.4,0,0,27/12/2027,0.020833333
Localidad: Cumbres,11,31,7.7,22,17.1,36,933.5,0,0,28/12/2027,0.013888889
Localidad: Cumbres,27,37,5.5,20.9,17.2,35,933.7,0,0,29/12/2027,0.006944444
Localidad: Cumbres,158,29,2.4,8.6,17.2,37,933.5,0,0,30/12/2027,0
Localidad: Cumbres,3,6,3.4,9.7,17.3,49,933.4,0,0,31/12/2027,0.993055556
Localidad: Cumbres,15,50,3.4,9.7,17.3,55,933.4,0,0,01/01/2028,0.986111111
Localidad: Cumbres,296,235,2.3,4.7,17.4,61,933.2,0,0,02/01/2028,0.979166667
Localidad: Cumbres,246,318,2.8,5.4,17.4,65,933.1,0,0,03/01/2028,0.972222222
Localidad: Cumbres,150,143,2.2,6.1,17.4,62,933.2,0,0,04/01/2028,0.965277778
Localidad: Cumbres,50,28,4.9,14.4,17.4,59,933.2,0,0,05/01/2028,0.958333333
Localidad: Cumbres,10,21,8.7,19.1,17.4,55,933.1,0,0,06/01/2028,0.951388889
Localidad: Cumbres,359,16,6.2,19.1,17.4,61,932.9,0,0,07/01/2028,0.944444444
Localidad: Cumbres,101,162,1.7,5.8,17.4,70,932.9,0,0,08/01/2028,0.9375
Localidad: Cumbres,6,352,3.9,9.4,17.4,75,933,0,0,09/01/2028,0.930555556
Localidad: Cumbres,23,31,3,12.2,17.3,84,933,0,0,10/01/2028,0.923611111
Localidad: Cumbres,23,28,1.9,7.2,17.3,93,933,0,0,11/01/2028,0.916666667
Localidad: Cumbres,48,95,2.4,6.8,17.3,99,933,0,0,12/01/2028,0.909722222
Localidad: Cumbres,76,64,1.6,4,17.4,100,932.8,0,0,13/01/2028,0.902777778
Localidad: Cumbres,3,348,1.3,3.6,17.4,100,932.7,0,0,14/01/2028,0.895833333
Localidad: Cumbres,142,126,1.6,6.8,17.4,100,932.9,0,0,15/01/2028,0.888888889
Localidad: Cumbres,18,358,2.8,7.6,17.5,100,932.8,0,0,16/01/2028,0.881944444
Localidad: Cumbres,69,278,1.5,4.3,17.5,100,932.6,0,0,17/01/2028,0.875
Localidad: Cumbres,222,36,2.8,5.4,17.5,100,932.4,0.2,0,18/01/2028,0.868055556
Localidad: Cumbres,59,16,3.4,8.3,17.7,100,932.5,0,0,19/01/2028,0.861111111
Localidad: Cumbres,53,41,4.5,9.4,17.9,100,932.3,0,0,20/01/2028,0.854166667
Localidad: Cumbres,29,50,3.3,8.6,18.1,100,932.1,0,0,21/01/2028,0.847222222
Localidad: Cumbres,173,332,2.7,8.6,18.2,100,931.9,0,0,22/01/2028,0.840277778
Localidad: Cumbres,29,45,7.9,19.1,18.6,100,931.7,0,0,23/01/2028,0.833333333
Localidad: Cumbres,30,45,6.3,17.6,19,100,931.4,0,0,24/01/2028,0.826388889
Localidad: Cumbres,12,16,7.9,20.2,19.5,100,931.4,0,0,25/01/2028,0.819444444
Localidad: Cumbres,28,26,6.2,20.5,19.9,100,931.4,0,0,26/01/2028,0.8125
Localidad: Cumbres,17,6,8.4,21.2,20,100,931.2,0,0,27/01/2028,0.805555556
Localidad: Cumbres,12,353,5.7,14,19.9,100,930.9,0,0,28/01/2028,0.798611111
Localidad: Cumbres,22,27,5.2,18.7,19.8,100,930.7,0,0,29/01/2028,0.791666667
Localidad: Cumbres,327,338,3.2,14.8,20,100,930.5,0,0,30/01/2028,0.784722222
Localidad: Cumbres,188,16,2.8,6.1,20.1,100,930.6,0,0,31/01/2028,0.777777778
Localidad: Cumbres,321,317,2,6.8,20.2,100,930.5,0,0,01/02/2028,0.770833333
Localidad: Cumbres,342,342,5.2,13,20.3,100,930.4,0,0,02/02/2028,0.763888889
Localidad: Cumbres,312,358,3.6,8.6,20.3,100,930.2,0,0,03/02/2028,0.756944444
Localidad: Cumbres,357,20,7.6,16.9,20.3,100,930,0,0,04/02/2028,0.75
Localidad: Cumbres,322,315,3,10.1,20.6,100,929.7,0,0,05/02/2028,0.743055556
Localidad: Cumbres,35,42,2.5,5.4,20.7,100,930,0,0,06/02/2028,0.736111111
Localidad: Cumbres,51,43,1.8,7.6,20.5,100,930.4,0,0,07/02/2028,0.729166667
Localidad: Cumbres,335,353,4.9,14,20.3,100,930.8,0,0,08/02/2028,0.722222222
Localidad: Cumbres,354,12,7.1,17.6,20.4,100,930.7,0,0,09/02/2028,0.715277778
Localidad: Cumbres,20,333,2.3,10.8,20.4,100,930.3,0,0,10/02/2028,0.708333333
Localidad: Cumbres,11,338,6.5,17.3,20.4,100,930.2,0,0,11/02/2028,0.701388889
Localidad: Cumbres,10,2,9.6,20.5,20.4,100,929.9,0,0,12/02/2028,0.694444444
Localidad: Cumbres,7,48,9.2,20.9,20.6,100,929.7,0,0,13/02/2028,0.6875
Localidad: Cumbres,75,66,4.4,8.3,20.7,100,930,0,0,14/02/2028,0.680555556
Localidad: Cumbres,151,76,3.4,6.1,20.8,100,930.6,0,0,15/02/2028,0.673611111
Localidad: Cumbres,11,357,7.2,16.2,20.7,100,930.5,0,0,16/02/2028,0.666666667
Localidad: Cumbres,349,17,7.9,19.4,20.8,100,930.2,0,0,17/02/2028,0.659722222
Localidad: Cumbres,359,3,5.9,13.7,20.9,100,930.5,0,0,18/02/2028,0.652777778
Localidad: Cumbres,7,21,7.8,18,20.9,100,930.6,0,0,19/02/2028,0.645833333
Localidad: Cumbres,16,46,7.3,15.8,21,100,930.7,0,0,20/02/2028,0.638888889
Localidad: Cumbres,26,45,7.8,18.7,21.3,100,930.5,0,0,21/02/2028,0.631944444
Localidad: Cumbres,28,24,9.5,27.4,21.5,100,930.6,0,0,22/02/2028,0.625
Localidad: Cumbres,0,56,11.5,24.5,21.3,100,930.6,0,0,23/02/2028,0.618055556
Localidad: Cumbres,22,32,9.1,28.8,21.4,100,930.7,0,0,24/02/2028,0.611111111
Localidad: Cumbres,5,38,7.3,14.8,21.1,100,930.9,0,0,25/02/2028,0.604166667
Localidad: Cumbres,35,32,7.8,18.4,20.7,100,931.1,0,0,26/02/2028,0.597222222
Localidad: Cumbres,29,17,6.5,14.8,21,100,931.3,0,0,27/02/2028,0.590277778
Localidad: Cumbres,20,42,5.9,15.1,21.2,100,931.3,0,0,28/02/2028,0.583333333
Localidad: Cumbres,23,26,7.1,18.4,21.2,100,931.3,0,0,29/02/2028,0.576388889
Localidad: Cumbres,16,41,4.4,13.3,21.1,100,931.5,0,0,01/03/2028,0.569444444
Localidad: Cumbres,353,40,4.1,12.6,21,100,931.5,0,0,02/03/2028,0.5625
Localidad: Cumbres,79,35,3.4,9.4,20.9,100,931.6,0,0,03/03/2028,0.555555556
Localidad: Cumbres,196,165,3.9,6.8,20.8,100,931.7,0,0,04/03/2028,0.548611111
Localidad: Cumbres,108,52,3.2,7.2,20.7,100,931.7,0,0,05/03/2028,0.541666667
Localidad: Cumbres,50,47,2.9,10.1,20.2,100,931.8,0,0,06/03/2028,0.534722222
Localidad: Cumbres,3,344,3.7,9.7,19.7,100,931.9,0,0,07/03/2028,0.527777778
Localidad: Cumbres,354,16,7.3,16.2,19.5,100,932,0,0,08/03/2028,0.520833333
Localidad: Cumbres,348,344,6.7,13.3,19.3,100,932.1,0,0,09/03/2028,0.513888889
Localidad: Cumbres,342,341,6.8,13,19.1,100,932.1,0,0,10/03/2028,0.506944444
Localidad: Cumbres,4,355,7.7,15.8,19.1,100,932.2,0,0,11/03/2028,0.5
Localidad: Cumbres,30,8,8,19.4,19.2,100,932.2,0,0,12/03/2028,0.493055556
Localidad: Cumbres,32,56,8.4,17.6,19.4,100,932.3,0,0,13/03/2028,0.486111111
Localidad: Cumbres,37,53,8.7,24.8,19.8,100,932.4,0,0,14/03/2028,0.479166667
Localidad: Cumbres,41,64,7.4,23.8,19.9,100,932.4,0,0,15/03/2028,0.472222222
Localidad: Cumbres,31,42,7.8,25.9,19.7,99,932.3,0,0,16/03/2028,0.465277778
Localidad: Cumbres,35,349,7.2,19.4,19.9,17,932.3,0,0,17/03/2028,0.458333333
Localidad: Cumbres,27,17,6.1,17.3,19.5,0,932.1,0,0,18/03/2028,0.451388889
Localidad: Cumbres,10,31,8.9,23,19.4,0,932.1,0,0,19/03/2028,0.444444444
Localidad: Cumbres,43,48,5.6,17.3,19.5,0,932,0,0,20/03/2028,0.4375
Localidad: Cumbres,54,37,5.4,17.6,19.4,0,932,0,0,21/03/2028,0.430555556
Localidad: Cumbres,355,353,2,6.1,18.6,0,932.1,0,0,22/03/2028,0.423611111
Localidad: Cumbres,84,6,1.4,3.6,18.4,0,932.6,0,0,23/03/2028,0.416666667
Localidad: Cumbres,100,87,1.7,4,18.2,0,933,0,0,24/03/2028,0.409722222
Localidad: Cumbres,57,101,1.2,4,18.2,0,933.1,0,0,25/03/2028,0.402777778
Localidad: Cumbres,34,269,1.4,17.6,18.1,0,933,0,0,26/03/2028,0.395833333
Localidad: Cumbres,21,156,2.5,5.4,18.1,0,932.8,0,0,27/03/2028,0.388888889
Localidad: Cumbres,3,27,4.9,12.2,18,0,932.7,0,0,28/03/2028,0.381944444
Localidad: Cumbres,355,355,4.5,9.4,18.1,0,932.2,0,0,29/03/2028,0.375
Localidad: Cumbres,14,49,5.3,11.9,18.1,0,931.9,0,0,30/03/2028,0.368055556
Localidad: Cumbres,12,342,3.3,11.2,18.1,0,931.9,0,0,31/03/2028,0.361111111
Localidad: Cumbres,309,259,0.6,2.2,18,0,932,0,0,01/04/2028,0.354166667
Localidad: Cumbres,62,350,2.6,6.5,18,0,932,0,0,02/04/2028,0.347222222
Localidad: Cumbres,333,334,3.6,7.9,18,0,931.9,0,0,03/04/2028,0.340277778
Localidad: Cumbres,306,318,1.9,5,17.9,0,931.8,0,0,04/04/2028,0.333333333
Localidad: Cumbres,181,111,0.6,2.2,17.8,0,931.9,0,0,05/04/2028,0.326388889
Localidad: Cumbres,123,123,1.1,2.5,17.7,0,931.9,0,0,06/04/2028,0.319444444
Localidad: Cumbres,322,304,1.1,2.5,17.6,0,931.9,0,0,07/04/2028,0.3125
Localidad: Cumbres,227,287,0.9,2.5,17.6,0,931.9,0,0,08/04/2028,0.305555556
Localidad: Cumbres,318,337,0.3,1.4,17.5,0,931.8,0,0,09/04/2028,0.298611111
Localidad: Cumbres,267,264,0.4,1.8,17.5,0,931.7,0,0,10/04/2028,0.291666667
Localidad: Cumbres,235,207,0.6,1.8,17.5,0,931.7,0,0,11/04/2028,0.284722222
Localidad: Cumbres,223,185,1.2,2.2,17.5,0,931.7,0,0,12/04/2028,0.277777778
Localidad: Cumbres,13,90,0.7,2.9,17.5,0,931.6,0,0,13/04/2028,0.270833333
Localidad: Cumbres,1,110,0.9,3.2,17.4,0,931.5,0,0,14/04/2028,0.263888889
Localidad: Cumbres,11,346,1,2.2,17.4,0,931.4,0,0,15/04/2028,0.256944444
Localidad: Cumbres,172,111,0.9,2.2,17.4,0,931.4,0,0,16/04/2028,0.25
Localidad: Cumbres,210,188,0.4,1.4,17.4,0,931.3,0,0,17/04/2028,0.243055556
Localidad: Cumbres,314,353,0.6,1.8,17.4,0,931.2,0,0,18/04/2028,0.236111111
Localidad: Cumbres,276,276,0.5,1.8,17.4,0,931.1,0,0,19/04/2028,0.229166667
Localidad: Cumbres,267,148,0.3,1.1,17.4,0,931,0,0,20/04/2028,0.222222222
Localidad: Cumbres,117,171,0.1,1.4,17.4,0,931,0,0,21/04/2028,0.215277778
Localidad: Cumbres,159,135,0.4,2.2,17.4,0,930.9,0,0,22/04/2028,0.208333333
Localidad: Cumbres,213,170,0.9,3.2,17.4,0,930.8,0,0,23/04/2028,0.201388889
Localidad: Cumbres,181,170,2.2,4.3,17.4,0,930.6,0,0,24/04/2028,0.194444444
Localidad: Cumbres,355,16,3,11.9,17.4,0,930.5,0,0,25/04/2028,0.1875
Localidad: Cumbres,9,29,6.8,14.4,17.4,0,930.4,0,0,26/04/2028,0.180555556
Localidad: Cumbres,3,25,6.7,14,17.4,0,930.4,0,0,27/04/2028,0.173611111
Localidad: Cumbres,12,345,6.9,15.5,17.4,0,930.4,0,0,28/04/2028,0.166666667
Localidad: Cumbres,356,355,7.8,16.6,17.4,0,930.4,0,0,29/04/2028,0.159722222
Localidad: Cumbres,357,18,8.1,17.3,17.4,0,930.5,0,0,30/04/2028,0.152777778
Localidad: Cumbres,4,25,7.6,15.8,17.3,0,930.7,0,0,01/05/2028,0.145833333
Localidad: Cumbres,357,344,6.1,14,17.3,0,930.7,0,0,02/05/2028,0.138888889
Localidad: Cumbres,28,16,4.2,14.8,17.3,0,930.7,0,0,03/05/2028,0.131944444
Localidad: Cumbres,354,3,5.9,12.2,17.3,0,930.8,0,0,04/05/2028,0.125
Localidad: Cumbres,356,19,7,14,17.3,0,930.9,0,0,05/05/2028,0.118055556
Localidad: Cumbres,8,340,7.1,15.8,17.2,0,930.9,0,0,06/05/2028,0.111111111
Localidad: Cumbres,352,343,8.3,18.4,17.2,0,930.9,0,0,07/05/2028,0.104166667
Localidad: Cumbres,355,14,5.7,13.3,17.3,0,931.1,0.2,0,08/05/2028,0.097222222
Localidad: Cumbres,358,27,8.9,20.5,17.2,0,931.1,0,0,09/05/2028,0.090277778
Localidad: Cumbres,359,9,6.1,11.2,17.2,0,931.1,0,0,10/05/2028,0.083333333
Localidad: Cumbres,330,350,2.4,6.8,17.2,0,931.2,0,0,11/05/2028,0.076388889
Localidad: Cumbres,322,352,1.4,4.3,17.2,2,931.3,0,0,12/05/2028,0.069444444
Localidad: Cumbres,272,221,1.1,3.2,17.2,6,931.4,0,0,13/05/2028,0.0625
Localidad: Cumbres,186,111,0.8,2.2,17.2,7,931.5,0,0,14/05/2028,0.055555556
Localidad: Cumbres,226,200,1.9,4,17.2,17,931.6,0,0,15/05/2028,0.048611111
Localidad: Cumbres,303,341,2,5,17.2,21,931.5,0,0,16/05/2028,0.041666667
Localidad: Cumbres,191,175,2.2,4.3,17.2,23,931.5,0,0,17/05/2028,0.034722222
Localidad: Cumbres,317,315,1.8,4,17.2,27,931.6,0,0,18/05/2028,0.027777778
Localidad: Cumbres,338,342,3.7,8.3,17.2,34,931.6,0,0,19/05/2028,0.020833333
Localidad: Cumbres,313,288,2.2,5,17.2,41,931.7,0,0,20/05/2028,0.013888889
Localidad: Cumbres,246,172,1.6,5,17.2,44,931.7,0,0,21/05/2028,0.006944444
Localidad: Cumbres,225,303,2.1,4,17.2,50,931.8,0,0,22/05/2028,0
Localidad: Cumbres,189,161,2.5,5,17.2,55,931.8,0,0,23/05/2028,0.993055556
Localidad: Cumbres,272,202,1.3,3.6,17.2,61,931.9,0,0,24/05/2028,0.986111111
Localidad: Cumbres,64,353,0.9,3.2,17.2,65,931.9,0,0,25/05/2028,0.979166667
Localidad: Cumbres,243,308,1.8,4.7,17.2,71,932,0,0,26/05/2028,0.972222222
Localidad: Cumbres,141,353,2.2,6.5,17.3,72,932.2,0,0,27/05/2028,0.965277778
Localidad: Cumbres,359,352,2.8,6.5,17.2,79,932.2,0,0,28/05/2028,0.958333333
Localidad: Cumbres,4,350,2.6,6.5,17.2,86,932.2,0,0,29/05/2028,0.951388889
Localidad: Cumbres,162,345,1.7,5.8,17.2,90,932.3,0,0,30/05/2028,0.944444444
Localidad: Cumbres,141,53,1.1,7.6,17.2,94,932.4,0,0,31/05/2028,0.9375
Localidad: Cumbres,355,352,4.2,10.4,17.2,99,932.4,0,0,01/06/2028,0.930555556
Localidad: Cumbres,316,317,1.8,7.2,17.2,100,932.5,0,0,02/06/2028,0.923611111
Localidad: Cumbres,111,320,1.2,3.6,17.1,100,932.6,0,0,03/06/2028,0.916666667
Localidad: Cumbres,241,283,1,2.5,17.1,100,932.5,0,0,04/06/2028,0.909722222
Localidad: Cumbres,171,180,1.2,4.3,17.1,100,932.4,0,0,05/06/2028,0.902777778
Localidad: Cumbres,223,187,1.9,4.7,17.1,100,932.3,0,0,06/06/2028,0.895833333
Localidad: Cumbres,196,119,1.5,3.6,17.1,100,932.3,0,0,07/06/2028,0.888888889
Localidad: Cumbres,108,108,1,3.6,17.1,100,932.2,0,0,08/06/2028,0.881944444
Localidad: Cumbres,32,48,2,5.4,17.1,100,932.1,0,0,09/06/2028,0.875
Localidad: Cumbres,31,28,3.8,8.3,17.1,100,932,0,0,10/06/2028,0.868055556
Localidad: Cumbres,192,239,2.6,5.4,17.1,100,931.9,0,0,11/06/2028,0.861111111
Localidad: Cumbres,209,123,1.5,4,17.2,100,931.7,0,0,12/06/2028,0.854166667
Localidad: Cumbres,170,111,1.6,6.8,17.2,100,931.6,0,0,13/06/2028,0.847222222
Localidad: Cumbres,50,80,3.4,7.6,17.3,100,931.5,0,0,14/06/2028,0.840277778
Localidad: Cumbres,172,239,1.2,4.3,17.3,100,931.6,0,0,15/06/2028,0.833333333
Localidad: Cumbres,24,77,1.8,7.2,17.4,100,931.5,0,0,16/06/2028,0.826388889
Localidad: Cumbres,30,33,2.5,9,17.5,100,931.3,0,0,17/06/2028,0.819444444
Localidad: Cumbres,24,17,4.4,9.7,17.6,100,931.1,0,0,18/06/2028,0.8125
Localidad: Cumbres,5,23,4.9,10.4,17.8,100,931.1,0,0,19/06/2028,0.805555556
Localidad: Cumbres,18,15,6.5,15.1,18.2,100,931.1,0,0,20/06/2028,0.798611111
Localidad: Cumbres,10,355,5.7,16.6,18.7,100,931.1,0,0,21/06/2028,0.791666667
Localidad: Cumbres,19,31,7.1,15.8,19,98,931.1,0,0,22/06/2028,0.784722222
Localidad: Cumbres,5,30,7.1,16.9,19.3,93,930.8,0,0,23/06/2028,0.777777778
Localidad: Cumbres,286,35,5.3,14,19.6,89,930.7,0,0,24/06/2028,0.770833333
Localidad: Cumbres,6,25,6.6,14.4,19.7,86,930.6,0,0,25/06/2028,0.763888889
Localidad: Cumbres,18,34,7.6,17.3,19.8,85,930.4,0,0,26/06/2028,0.756944444
Localidad: Cumbres,25,347,5.4,13,19.9,84,930.4,0,0,27/06/2028,0.75
Localidad: Cumbres,32,32,5.6,15.8,20,83,930.3,0,0,28/06/2028,0.743055556
Localidad: Cumbres,25,25,6.6,15.8,20.1,82,930.2,0,0,29/06/2028,0.736111111
Localidad: Cumbres,29,28,4.8,15.1,20.2,82,930.3,0,0,30/06/2028,0.729166667
Localidad: Cumbres,51,48,6,15.5,20.2,82,930.3,0,0,01/07/2028,0.722222222
Localidad: Cumbres,43,41,5.4,15.5,20.3,81,930.3,0,0,02/07/2028,0.715277778
Localidad: Cumbres,32,49,6.9,18.4,20.4,81,930.3,0,0,03/07/2028,0.708333333
Localidad: Cumbres,30,26,6.3,16.6,20.5,81,930.3,0,0,04/07/2028,0.701388889
Localidad: Cumbres,34,53,5.6,18.4,20.4,81,930.4,0,0,05/07/2028,0.694444444
Localidad: Cumbres,34,56,7.1,16.6,20.4,80,930.4,0,0,06/07/2028,0.6875
Localidad: Cumbres,18,24,6,15.1,20.5,79,930.4,0,0,07/07/2028,0.680555556
Localidad: Cumbres,16,49,7,16.2,20.4,79,930.3,0,0,08/07/2028,0.673611111
Localidad: Cumbres,36,27,8.7,27,20.5,78,930.2,0,0,09/07/2028,0.666666667
Localidad: Cumbres,38,42,7.7,18,20.6,79,930.3,0,0,10/07/2028,0.659722222
Localidad: Cumbres,48,48,8.5,23,20.7,78,930.3,0,0,11/07/2028,0.652777778
Localidad: Cumbres,36,52,9.4,24.1,20.7,78,930.3,0,0,12/07/2028,0.645833333
Localidad: Cumbres,344,18,8.1,15.8,20.8,79,930.3,0,0,13/07/2028,0.638888889
Localidad: Cumbres,57,55,5.8,14.8,20.7,80,930.4,0,0,14/07/2028,0.631944444
Localidad: Cumbres,36,37,4.9,13,20.5,83,930.5,0,0,15/07/2028,0.625
Localidad: Cumbres,9,37,4.9,14,20.3,86,930.6,0,0,16/07/2028,0.618055556
Localidad: Cumbres,1,26,4.1,10.4,20.3,86,930.5,0,0,17/07/2028,0.611111111
Localidad: Cumbres,65,337,2,6.1,20.1,87,930.6,0,0,18/07/2028,0.604166667
Localidad: Cumbres,203,171,2,4,19.8,88,930.8,0,0,19/07/2028,0.597222222
Localidad: Cumbres,175,166,2.8,4.7,19.6,89,930.9,0,0,20/07/2028,0.590277778
Localidad: Cumbres,189,202,2.8,5.4,19.5,91,931,0,0,21/07/2028,0.583333333
Localidad: Cumbres,228,204,2,5,19.5,91,931,0,0,22/07/2028,0.576388889
Localidad: Cumbres,188,168,1.5,3.6,19.3,91,931.1,0,0,23/07/2028,0.569444444
Localidad: Cumbres,184,144,1.7,3.6,19.2,92,931.2,0,0,24/07/2028,0.5625
Localidad: Cumbres,200,155,1.6,3.6,19.1,92,931.3,0,0,25/07/2028,0.555555556
Localidad: Cumbres,174,193,1.9,4,19,93,931.4,0,0,26/07/2028,0.548611111
Localidad: Cumbres,160,184,2.9,5.4,19,93,931.5,0,0,27/07/2028,0.541666667
Localidad: Cumbres,152,165,1.7,4,19,92,931.6,0,0,28/07/2028,0.534722222
Localidad: Cumbres,155,165,1.8,4,18.8,93,931.6,0,0,29/07/2028,0.527777778
Localidad: Cumbres,155,163,4.1,6.1,18.7,94,931.8,0,0,30/07/2028,0.520833333
Localidad: Cumbres,148,153,2.5,5.8,18.5,96,932,0,0,31/07/2028,0.513888889
Localidad: Cumbres,160,138,3,5.4,18.3,99,932.1,0,0,01/08/2028,0.506944444
Localidad: Cumbres,176,172,2.7,5,18.3,99,932.2,0,0,02/08/2028,0.5
Localidad: Cumbres,172,146,2.2,4.3,18.2,100,932.3,0,0,03/08/2028,0.493055556
Localidad: Cumbres,271,266,5,9.7,18,100,932.4,0,0,04/08/2028,0.486111111
Localidad: Cumbres,270,218,2.3,7.9,17.8,100,932.5,0,0,05/08/2028,0.479166667
Localidad: Cumbres,210,221,2.2,4,17.7,100,932.5,0,0,06/08/2028,0.472222222
Localidad: Cumbres,191,221,1.6,3.6,17.7,100,932.6,0,0,07/08/2028,0.465277778
Localidad: Cumbres,237,222,2.9,5.4,17.7,100,932.6,0,0,08/08/2028,0.458333333
Localidad: Cumbres,155,197,1.4,2.9,17.7,100,932.6,0,0,09/08/2028,0.451388889
Localidad: Cumbres,343,20,1.9,5.4,17.6,100,932.6,0,0,10/08/2028,0.444444444
Localidad: Cumbres,76,330,2.4,8.6,17.5,100,932.5,0,0,11/08/2028,0.4375
Localidad: Cumbres,63,48,2.4,5.4,17.4,100,932.6,0,0,12/08/2028,0.430555556
Localidad: Cumbres,21,53,3.9,6.5,17.3,100,932.6,0,0,13/08/2028,0.423611111
Localidad: Cumbres,44,42,3.6,11.5,17.2,100,932.6,0,0,14/08/2028,0.416666667
Localidad: Cumbres,24,44,4.4,13.3,17.2,100,932.5,0,0,15/08/2028,0.409722222
Localidad: Cumbres,41,37,4.3,9.7,17.2,100,932.5,0,0,16/08/2028,0.402777778
Localidad: Cumbres,41,49,4.3,11.2,17.1,100,932.3,0,0,17/08/2028,0.395833333
Localidad: Cumbres,43,69,3.1,9,16.8,100,932.2,0,0,18/08/2028,0.388888889
Localidad: Cumbres,32,52,4.8,12.6,16.8,100,932.2,0.2,0,19/08/2028,0.381944444
Localidad: Cumbres,46,67,5.5,14.8,16.8,100,932.2,0,0,20/08/2028,0.375
Localidad: Cumbres,57,48,6.2,13.7,16.9,100,932.1,0,0,21/08/2028,0.368055556
Localidad: Cumbres,55,57,7.2,16.6,16.8,100,932.1,0,0,22/08/2028,0.361111111
Localidad: Cumbres,49,72,6.2,14.4,16.6,100,932,0,0,23/08/2028,0.354166667
Localidad: Cumbres,43,48,5.7,15.1,16.5,100,931.8,0,0,24/08/2028,0.347222222
Localidad: Cumbres,11,61,5.2,11.5,16.5,100,931.7,0,0,25/08/2028,0.340277778
Localidad: Cumbres,13,34,3.4,11.2,16.4,100,931.6,0,0,26/08/2028,0.333333333
Localidad: Cumbres,78,37,3.4,11.2,16.2,100,931.4,0,0,27/08/2028,0.326388889
Localidad: Cumbres,29,28,3.6,11.5,15.9,100,931.3,0,0,28/08/2028,0.319444444
Localidad: Cumbres,9,357,3.2,7.6,15.7,100,931.3,0,0,29/08/2028,0.3125
Localidad: Cumbres,327,318,1.9,4.7,15.5,100,931.2,0,0,30/08/2028,0.305555556
Localidad: Cumbres,239,213,1.4,4,15.3,100,931.1,0,0,31/08/2028,0.298611111
Localidad: Cumbres,224,200,2.1,4.3,15.2,100,931,0,0,01/09/2028,0.291666667
Localidad: Cumbres,314,281,1.5,2.9,15.2,100,931,0,0,02/09/2028,0.284722222
Localidad: Cumbres,217,342,0.7,2.2,15.1,100,930.9,0,0,03/09/2028,0.277777778
Localidad: Cumbres,211,286,1.2,2.9,15.1,100,930.8,0,0,04/09/2028,0.270833333
Localidad: Cumbres,248,304,0.8,2.9,15,100,930.7,0,0,05/09/2028,0.263888889
Localidad: Cumbres,321,319,2,3.6,15.1,100,930.7,0,0,06/09/2028,0.256944444
Localidad: Cumbres,230,206,1.4,4.3,15.1,100,930.6,0,0,07/09/2028,0.25
Localidad: Cumbres,275,176,0.8,2.5,15.1,100,930.5,0,0,08/09/2028,0.243055556
Localidad: Cumbres,326,176,1,3.2,15.1,100,930.4,0,0,09/09/2028,0.236111111
Localidad: Cumbres,239,308,2.5,4,15,100,930.4,0,0,10/09/2028,0.229166667
Localidad: Cumbres,286,305,2.6,4.7,15,100,930.3,0,0,11/09/2028,0.222222222
Localidad: Cumbres,195,192,1.7,3.6,14.9,100,930.3,0,0,12/09/2028,0.215277778
Localidad: Cumbres,254,319,1.9,4.3,15,100,930.3,0,0,13/09/2028,0.208333333
Localidad: Cumbres,245,286,0.9,3.6,15.1,100,930.3,0,0,14/09/2028,0.201388889
Localidad: Cumbres,280,282,1.2,3.6,15.1,100,930.3,0,0,15/09/2028,0.194444444
Localidad: Cumbres,48,108,0.5,2.5,15.1,100,930.2,0,0,16/09/2028,0.1875
Localidad: Cumbres,212,235,1.5,3.6,15.1,100,930.1,0,0,17/09/2028,0.180555556
Localidad: Cumbres,98,235,1.4,3.2,15.1,100,930.1,0,0,18/09/2028,0.173611111
Localidad: Cumbres,223,255,1,2.9,15,100,930,0,0,19/09/2028,0.166666667
Localidad: Cumbres,240,216,1.8,3.6,15,100,930.1,0,0,20/09/2028,0.159722222
Localidad: Cumbres,51,347,0.5,2.5,15,100,930.2,0,0,21/09/2028,0.152777778
Localidad: Cumbres,274,222,1.2,4,14.9,100,930.3,0,0,22/09/2028,0.145833333
Localidad: Cumbres,219,198,2.2,3.6,14.8,100,930.3,0,0,23/09/2028,0.138888889
Localidad: Cumbres,212,211,1.8,3.2,14.7,100,930.3,0,0,24/09/2028,0.131944444
Localidad: Cumbres,296,322,2.1,4.3,14.6,100,930.3,0,0,25/09/2028,0.125
Localidad: Cumbres,296,221,0.9,3.6,14.6,100,930.4,0,0,26/09/2028,0.118055556
Localidad: Cumbres,184,201,2.1,5.4,14.4,100,930.4,0,0,27/09/2028,0.111111111
Localidad: Cumbres,265,318,2,5,14.3,100,930.4,0,0,28/09/2028,0.104166667
Localidad: Cumbres,249,204,2.2,5,14.1,100,930.4,0,0,29/09/2028,0.097222222
Localidad: Cumbres,220,198,2.5,5.4,13.9,100,930.4,0,0,30/09/2028,0.090277778
Localidad: Cumbres,242,197,2.7,6.5,13.6,100,930.4,0,0,01/10/2028,0.083333333
Localidad: Cumbres,217,216,2,5.4,13.5,100,930.6,0,0,02/10/2028,0.076388889
Localidad: Cumbres,192,165,2,6.1,13.6,100,930.5,0,0,03/10/2028,0.069444444
Localidad: Cumbres,235,189,2.4,5,13.6,100,930.5,0,0,04/10/2028,0.0625
Localidad: Cumbres,239,211,2.4,5.8,13.8,100,930.5,0,0,05/10/2028,0.055555556
Localidad: Cumbres,213,173,2.8,5.8,14.2,97,930.5,0,0,06/10/2028,0.048611111
Localidad: Cumbres,247,171,2.5,7.2,14.7,92,930.5,0,0,07/10/2028,0.041666667
Localidad: Cumbres,221,216,2.8,6.5,15.1,88,930.5,0,0,08/10/2028,0.034722222
Localidad: Cumbres,238,183,2.4,5,15.4,85,930.7,0,0,09/10/2028,0.027777778
Localidad: Cumbres,234,254,2.9,7.9,15.6,83,930.8,0,0,10/10/2028,0.020833333
Localidad: Cumbres,343,0,2,7.6,16,79,931,0,0,11/10/2028,0.013888889
Localidad: Cumbres,349,352,4.3,17.6,16.3,73,931.2,0,0,12/10/2028,0.006944444
Localidad: Cumbres,356,349,5.1,14.8,16.2,73,931.3,0,0,13/10/2028,0
Localidad: Cumbres,0,344,6.4,14.8,16.1,72,931.3,0,0,14/10/2028,0.993055556
Localidad: Cumbres,349,329,6,12.2,16.1,73,931.3,0,0,15/10/2028,0.986111111
Localidad: Cumbres,345,25,5.8,14,16.3,73,931.5,0,0,16/10/2028,0.979166667
Localidad: Cumbres,349,343,5.8,16.2,16.3,75,931.5,0,0,17/10/2028,0.972222222
Localidad: Cumbres,341,347,4.2,9.7,16.9,72,931.7,0,0,18/10/2028,0.965277778
Localidad: Cumbres,355,25,8.1,19.8,17.4,64,931.8,0,0,19/10/2028,0.958333333
Localidad: Cumbres,5,357,10.6,21.2,17.5,63,931.7,0,0,20/10/2028,0.951388889
Localidad: Cumbres,6,36,10.7,21.6,17.7,62,931.7,0,0,21/10/2028,0.944444444
Localidad: Cumbres,11,356,9.7,21.2,17.5,63,931.7,0,0,22/10/2028,0.9375
Localidad: Cumbres,10,57,9,27.7,17.2,67,931.6,0,0,23/10/2028,0.930555556
Localidad: Cumbres,0,14,7.5,20.2,17.1,69,931.4,0,0,24/10/2028,0.923611111
Localidad: Cumbres,0,348,7.8,21.2,16.4,76,931.1,0,0,25/10/2028,0.916666667
Localidad: Cumbres,3,347,7.4,17.6,15.6,86,930.9,0,0,26/10/2028,0.909722222
Localidad: Cumbres,328,357,3.9,16.2,15.2,95,930.9,0,0,27/10/2028,0.902777778
Localidad: Cumbres,334,319,2.5,6.8,15.2,93,931.1,0,0,28/10/2028,0.895833333
Localidad: Cumbres,289,347,4.1,9.4,15.3,90,931.2,0,0,29/10/2028,0.888888889
Localidad: Cumbres,199,349,2.8,8.3,15.2,92,931.3,0,0,30/10/2028,0.881944444
Localidad: Cumbres,291,340,3.3,8.6,15.4,89,931.1,0.2,0,31/10/2028,0.875
Localidad: Cumbres,266,188,2.8,7.6,15.6,86,930.9,0,0,01/11/2028,0.868055556
Localidad: Cumbres,337,11,4.8,14,15.6,89,930.7,0,0,02/11/2028,0.861111111
Localidad: Cumbres,296,181,5.1,9.4,15.7,87,930.5,0,0,03/11/2028,0.854166667
Localidad: Cumbres,298,357,3.1,9.4,15.9,84,930.4,0,0,04/11/2028,0.847222222
Localidad: Cumbres,292,302,4.8,9.7,16.1,81,930.2,0,0,05/11/2028,0.840277778
Localidad: Cumbres,293,319,4.1,7.6,16.5,79,930.1,0,0,06/11/2028,0.833333333
Localidad: Cumbres,206,229,3.7,7.9,16.8,77,929.9,0,0,07/11/2028,0.826388889
Localidad: Cumbres,329,349,4,9,17.3,75,929.8,0,0,08/11/2028,0.819444444
Localidad: Cumbres,271,287,4.1,10.8,17.7,72,929.7,0,0,09/11/2028,0.8125
Localidad: Cumbres,242,77,3.8,11.5,18.2,68,929.6,0,0,10/11/2028,0.805555556
Localidad: Cumbres,346,351,3.4,8.3,18.9,65,929.5,0,0,11/11/2028,0.798611111
Localidad: Cumbres,1,36,6.4,20.5,18.9,64,929.3,0,0,12/11/2028,0.791666667
Localidad: Cumbres,344,340,5.1,12.2,19.1,65,929.1,0,0,13/11/2028,0.784722222
Localidad: Cumbres,342,357,5.6,15.8,19.6,62,929,0,0,14/11/2028,0.777777778
Localidad: Cumbres,334,334,5.9,13.3,20,59,928.9,0,0,15/11/2028,0.770833333
Localidad: Cumbres,351,25,5.2,14,20.2,57,928.9,0,0,16/11/2028,0.763888889
Localidad: Cumbres,2,42,9,20.9,20.2,56,928.8,0,0,17/11/2028,0.756944444
Localidad: Cumbres,335,341,7.4,14.4,20.4,57,928.7,0,0,18/11/2028,0.75
Localidad: Cumbres,352,349,5.7,17.3,20.6,55,928.8,0,0,19/11/2028,0.743055556
Localidad: Cumbres,342,353,7.8,18.4,20.7,55,928.7,0,0,20/11/2028,0.736111111
Localidad: Cumbres,5,352,6.3,16.6,20.9,54,928.6,0,0,21/11/2028,0.729166667
Localidad: Cumbres,297,249,5.7,16.2,21.1,54,928.6,0,0,22/11/2028,0.722222222
Localidad: Cumbres,14,357,8.3,20.2,21.3,53,928.6,0,0,23/11/2028,0.715277778
Localidad: Cumbres,22,37,10.5,31.7,21.5,52,928.6,0,0,24/11/2028,0.708333333
Localidad: Cumbres,27,49,14.8,34.9,22.2,51,928.6,0,0,25/11/2028,0.701388889
Localidad: Cumbres,27,25,7.6,23,23.1,49,928.5,0,0,26/11/2028,0.694444444
Localidad: Cumbres,25,42,10.6,28.4,23.5,48,928.5,0,0,27/11/2028,0.6875
Localidad: Cumbres,27,31,6.3,25.2,23.9,47,928.5,0,0,28/11/2028,0.680555556
Localidad: Cumbres,17,41,9.1,31.7,24,47,928.6,0,0,29/11/2028,0.673611111
Localidad: Cumbres,21,51,7.4,28.4,24.1,47,928.6,0,0,30/11/2028,0.666666667
Localidad: Cumbres,32,50,11.8,31.7,24,47,928.7,0,0,01/12/2028,0.659722222
Localidad: Cumbres,50,24,11.5,31.7,24,47,928.7,0,0,02/12/2028,0.652777778
Localidad: Cumbres,38,34,11.8,35.3,24.1,47,928.8,0,0,03/12/2028,0.645833333
Localidad: Cumbres,37,18,13.7,39.6,24,47,929,0,0,04/12/2028,0.638888889
Localidad: Cumbres,39,75,12.6,27.7,24.3,46,929.1,0.2,0,05/12/2028,0.631944444
Localidad: Cumbres,40,35,8.6,25.2,24.1,46,929.1,0,0,06/12/2028,0.625
Localidad: Cumbres,41,54,11.6,32,24.1,46,929.3,0,0,07/12/2028,0.618055556
Localidad: Cumbres,38,36,9.3,30.2,24.3,45,929.4,0,0,08/12/2028,0.611111111
Localidad: Cumbres,36,68,10.1,27.4,24,46,929.6,0,0,09/12/2028,0.604166667
Localidad: Cumbres,44,23,11.8,32.8,23.9,46,929.8,0,0,10/12/2028,0.597222222
Localidad: Cumbres,48,36,11.7,28.4,24,45,929.8,0,0,11/12/2028,0.590277778
Localidad: Cumbres,23,52,9.4,37.4,23.9,45,930,0,0,12/12/2028,0.583333333
Localidad: Cumbres,31,37,9.8,27.7,23.9,46,930.3,0,0,13/12/2028,0.576388889
Localidad: Cumbres,36,51,7.7,28.1,23.8,46,930.4,0,0,14/12/2028,0.569444444
Localidad: Cumbres,43,15,8.9,25.6,23.6,47,930.6,0,0,15/12/2028,0.5625
Localidad: Cumbres,36,62,11.2,33.1,23.6,47,930.8,0,0,16/12/2028,0.555555556
Localidad: Cumbres,51,59,8.1,28.1,23.4,47,930.9,0,0,17/12/2028,0.548611111
Localidad: Cumbres,34,34,9.5,23.4,23.3,47,931.1,0,0,18/12/2028,0.541666667
Localidad: Cumbres,20,29,7.8,23,23.1,48,931.3,0,0,19/12/2028,0.534722222
Localidad: Cumbres,54,51,8.9,26.3,22.9,48,931.6,0,0,20/12/2028,0.527777778
Localidad: Cumbres,29,21,5.8,16.9,22.8,47,931.8,0,0,21/12/2028,0.520833333
Localidad: Cumbres,28,17,9.2,31,23,48,932,0,0,22/12/2028,0.513888889
Localidad: Cumbres,32,45,7.4,24.5,22.9,48,932.2,0,0,23/12/2028,0.506944444
Localidad: Cumbres,27,61,7.1,22.3,22.9,47,932.3,0,0,24/12/2028,0.5
Localidad: Cumbres,33,52,5.8,20.5,23,47,932.4,0,0,25/12/2028,0.493055556
Localidad: Cumbres,81,52,5.3,19.8,22.6,49,932.7,0,0,26/12/2028,0.486111111
Localidad: Cumbres,42,60,5.7,18.4,22.5,48,932.8,0,0,27/12/2028,0.479166667
Localidad: Cumbres,67,53,6.8,22.7,22,49,932.9,0,0,28/12/2028,0.472222222
Localidad: Cumbres,64,25,6.8,17.3,21.4,49,933.2,0,0,29/12/2028,0.465277778
Localidad: Cumbres,129,84,5.3,14.8,21.5,48,933.3,0,0,30/12/2028,0.458333333
Localidad: Cumbres,65,67,5.5,15.5,21.2,51,933.3,0,0,31/12/2028,0.451388889
Localidad: Cumbres,45,78,6.3,17.6,20.8,53,933.4,0,0,01/01/2029,0.444444444
Localidad: Cumbres,36,67,6.5,15.5,20.7,53,933.5,0,0,02/01/2029,0.4375
Localidad: Cumbres,47,59,5.8,16.6,20.3,53,933.5,0,0,03/01/2029,0.430555556
Localidad: Cumbres,90,44,4.5,14,19.8,52,933.7,0,0,04/01/2029,0.423611111
Localidad: Cumbres,73,51,5.8,14.8,19.5,52,933.8,0,0,05/01/2029,0.416666667
Localidad: Cumbres,34,48,4.6,13.3,18.5,56,933.8,0,0,06/01/2029,0.409722222
Localidad: Cumbres,44,31,6.2,14,18.9,55,933.7,0,0,07/01/2029,0.402777778
Localidad: Cumbres,54,65,5.2,14.8,18.5,57,933.9,0,0,08/01/2029,0.395833333
Localidad: Cumbres,40,63,5.2,14,18.1,60,933.8,0,0,09/01/2029,0.388888889
Localidad: Cumbres,43,50,3.8,11.2,17,70,933.9,0,0,10/01/2029,0.381944444
Localidad: Cumbres,57,56,2.8,7.2,16.3,80,933.9,0,0,11/01/2029,0.375
,,,,,,,,,,12/01/2029,
Localidad: Venustiano Carranza,Dirección del Viento,Dirección de ráfaga (grados),Rapidez de viento (km/h),Rapidez de ráfaga (km/h),Temperatura del Aire (°C),Humedad relativa (%),Presión Atmosférica (hpa),Precipitación (mm),Radiación Solar (W/m²),13/01/2029,
Localidad: Venustiano Carranza,124,115,20.8,32.8,24.5,78,983.3,0,338,14/01/2029,0.340277778
Localidad: Venustiano Carranza,129,140,20.6,30.4,24.2,78,983.4,0,178,15/01/2029,0.333333333
Localidad: Venustiano Carranza,123,117,22.1,34,24,79,983.2,0,156,16/01/2029,0.326388889
Localidad: Venustiano Carranza,121,114,19.4,29.4,24.1,79,983.2,0,219,17/01/2029,0.319444444
Localidad: Venustiano Carranza,126,119,18.9,30.6,23.9,79,983.2,0,184,18/01/2029,0.3125
Localidad: Venustiano Carranza,127,136,17.7,27.6,23.6,80,983.2,0,145,19/01/2029,0.305555556
Localidad: Venustiano Carranza,123,119,18.7,29.2,23.3,81,982.9,0,108,20/01/2029,0.298611111
Localidad: Venustiano Carranza,126,127,17,27.6,23,81,983,0,85,21/01/2029,0.291666667
Localidad: Venustiano Carranza,121,121,16.1,27.4,22.8,82,982.9,0,56,22/01/2029,0.284722222
Localidad: Venustiano Carranza,122,135,16.9,27.1,22.5,82,982.8,0,24,23/01/2029,0.277777778
Localidad: Venustiano Carranza,122,115,17.5,30.4,22.3,83,982.6,0,12,24/01/2029,0.270833333
Localidad: Venustiano Carranza,117,115,19,28,22.2,83,982.5,0,3,25/01/2029,0.263888889
Localidad: Venustiano Carranza,116,120,19.4,28.7,22.2,83,982.2,0,0,26/01/2029,0.256944444
Localidad: Venustiano Carranza,120,131,21.7,33.4,22.2,83,982.1,0,0,27/01/2029,0.25
Localidad: Venustiano Carranza,118,128,22.4,34.4,22.3,83,982.1,0,0,28/01/2029,0.243055556
Localidad: Venustiano Carranza,120,125,22.5,36,22.5,82,982.2,0,0,29/01/2029,0.236111111
Localidad: Venustiano Carranza,121,118,22.6,32.1,22.7,82,982.2,0,0,30/01/2029,0.229166667
Localidad: Venustiano Carranza,124,126,21.7,32.8,22.7,82,982.1,0,0,31/01/2029,0.222222222
Localidad: Venustiano Carranza,124,131,21.7,35,22.7,82,982,0,0,01/02/2029,0.215277778
Localidad: Venustiano Carranza,123,134,19.3,31.2,22.7,82,982.2,0,0,02/02/2029,0.208333333
Localidad: Venustiano Carranza,122,122,21.8,34.1,22.8,82,982.2,0,0,03/02/2029,0.201388889
Localidad: Venustiano Carranza,125,118,22.7,38.3,22.8,82,982.1,0,0,04/02/2029,0.194444444
Localidad: Venustiano Carranza,125,143,23.9,35.8,22.8,82,982.2,0,0,05/02/2029,0.1875
Localidad: Venustiano Carranza,128,121,24.9,38.8,22.9,82,982.2,0,0,06/02/2029,0.180555556
Localidad: Venustiano Carranza,126,131,24.3,39.2,22.9,81,982.1,0,0,07/02/2029,0.173611111
Localidad: Venustiano Carranza,124,116,24.5,38.1,22.9,81,982.1,0,0,08/02/2029,0.166666667
Localidad: Venustiano Carranza,122,133,25.5,41.5,23,81,981.9,0,0,09/02/2029,0.159722222
Localidad: Venustiano Carranza,122,133,25.6,40.8,23.1,81,981.9,0,0,10/02/2029,0.152777778
Localidad: Venustiano Carranza,125,133,29.4,45.9,23.1,81,981.9,0,0,11/02/2029,0.145833333
Localidad: Venustiano Carranza,124,118,23.8,41.3,23.1,81,981.9,0,0,12/02/2029,0.138888889
Localidad: Venustiano Carranza,125,134,23.7,35.3,23.2,81,981.9,0,0,13/02/2029,0.131944444
Localidad: Venustiano Carranza,121,116,22.3,39.7,23.2,81,982,0,0,14/02/2029,0.125
Localidad: Venustiano Carranza,121,120,25.3,37.2,23.3,81,982.2,0,0,15/02/2029,0.118055556
Localidad: Venustiano Carranza,119,110,21.6,31.5,23.3,81,982.2,0,0,16/02/2029,0.111111111
Localidad: Venustiano Carranza,124,143,21.5,33.1,23.4,81,982.3,0,0,17/02/2029,0.104166667
Localidad: Venustiano Carranza,122,108,18.8,31.2,23.4,81,982.4,0,0,18/02/2029,0.097222222
Localidad: Venustiano Carranza,121,123,18.9,29,23.4,81,982.4,0,0,19/02/2029,0.090277778
Localidad: Venustiano Carranza,124,142,20,33.7,23.5,81,982.8,0,0,20/02/2029,0.083333333
Localidad: Venustiano Carranza,125,119,19.7,35.8,23.6,81,982.8,0,0,21/02/2029,0.076388889
Localidad: Venustiano Carranza,123,105,22.8,34.6,23.7,80,982.9,0,0,22/02/2029,0.069444444
Localidad: Venustiano Carranza,123,121,22.3,35.6,23.7,80,983.1,0,0,23/02/2029,0.0625
Localidad: Venustiano Carranza,125,129,20.1,34.2,23.7,80,983.2,0,0,24/02/2029,0.055555556
Localidad: Venustiano Carranza,124,118,21.7,34,23.8,80,983.1,0,0,25/02/2029,0.048611111
Localidad: Venustiano Carranza,123,128,21.7,34.2,23.9,80,983.3,0,0,26/02/2029,0.041666667
Localidad: Venustiano Carranza,125,131,23.2,41.1,23.9,80,983.2,0,0,27/02/2029,0.034722222
Localidad: Venustiano Carranza,121,141,25.8,39.7,24.1,79,983.4,0,0,28/02/2029,0.027777778
Localidad: Venustiano Carranza,125,136,27.7,46.1,24.2,79,983.2,0,0,01/03/2029,0.020833333
Localidad: Venustiano Carranza,126,130,24.3,43.8,24.4,78,983.2,0,0,02/03/2029,0.013888889
Localidad: Venustiano Carranza,123,123,28.4,44,24.6,78,983,0,0,03/03/2029,0.006944444
Localidad: Venustiano Carranza,120,110,25.5,38.5,24.7,78,983.3,0,0,04/03/2029,0
Localidad: Venustiano Carranza,124,132,28.6,45.6,24.9,77,983.2,0,0,05/03/2029,0.993055556
Localidad: Venustiano Carranza,120,121,28.8,44.1,25,77,983.2,0,0,06/03/2029,0.986111111
Localidad: Venustiano Carranza,124,117,25.6,47.7,25.3,77,983.4,0,0,07/03/2029,0.979166667
Localidad: Venustiano Carranza,124,125,30.3,45.4,25.5,76,983.5,0,0,08/03/2029,0.972222222
Localidad: Venustiano Carranza,122,120,27.5,45.6,25.6,76,983.3,0,0,09/03/2029,0.965277778
Localidad: Venustiano Carranza,124,133,24.4,41.3,25.8,75,983.5,0,0,10/03/2029,0.958333333
Localidad: Venustiano Carranza,123,122,25,39,26,75,983.5,0,0,11/03/2029,0.951388889
Localidad: Venustiano Carranza,126,133,29.2,50,26.2,74,983.4,0,0,12/03/2029,0.944444444
Localidad: Venustiano Carranza,120,113,28.4,41.3,26.4,74,983.3,0,0,13/03/2029,0.9375
Localidad: Venustiano Carranza,121,129,28.2,44.1,26.6,73,983.2,0,0,14/03/2029,0.930555556
Localidad: Venustiano Carranza,120,138,24.9,37.7,26.7,73,983.2,0,0,15/03/2029,0.923611111
Localidad: Venustiano Carranza,128,136,21.7,43.6,26.9,72,983.5,0,0,16/03/2029,0.916666667
Localidad: Venustiano Carranza,129,130,25.8,40.6,27.2,71,983.5,0,0,17/03/2029,0.909722222
Localidad: Venustiano Carranza,125,126,21.2,37.4,27.3,71,983.4,0,0,18/03/2029,0.902777778
Localidad: Venustiano Carranza,123,127,21.7,35.6,27.4,70,983.2,0,0,19/03/2029,0.895833333
Localidad: Venustiano Carranza,123,120,24,38.5,27.6,70,983.2,0,0,20/03/2029,0.888888889
Localidad: Venustiano Carranza,129,130,26.7,43.2,27.8,69,983.1,0,0,21/03/2029,0.881944444
Localidad: Venustiano Carranza,124,142,21.4,32,28,68,982.9,0,0,22/03/2029,0.875
Localidad: Venustiano Carranza,125,108,23.7,39.9,28.2,67,982.9,0,0,23/03/2029,0.868055556
Localidad: Venustiano Carranza,119,116,24,39.7,28.4,66,982.7,0,0,24/03/2029,0.861111111
Localidad: Venustiano Carranza,120,108,24.7,39.7,28.6,65,982.4,0,0,25/03/2029,0.854166667
Localidad: Venustiano Carranza,118,116,20.6,36.3,28.7,64,982.2,0,0,26/03/2029,0.847222222
Localidad: Venustiano Carranza,124,113,22.6,36.5,29,63,981.9,0,0,27/03/2029,0.840277778
Localidad: Venustiano Carranza,116,113,22.1,35.1,29.2,62,981.8,0,0,28/03/2029,0.833333333
Localidad: Venustiano Carranza,118,116,22.1,35.8,29.3,61,981.7,0,0,29/03/2029,0.826388889
Localidad: Venustiano Carranza,119,108,22.1,35.1,29.4,60,981.6,0,0,30/03/2029,0.819444444
Localidad: Venustiano Carranza,121,132,21.3,38.3,29.6,59,981.5,0,0,31/03/2029,0.8125
Localidad: Venustiano Carranza,120,108,21.3,34.7,29.8,58,981.3,0,0,01/04/2029,0.805555556
Localidad: Venustiano Carranza,121,108,19.6,31.7,30,57,981.1,0,0,02/04/2029,0.798611111
Localidad: Venustiano Carranza,117,118,21.3,31.3,30.1,56,980.9,0,7,03/04/2029,0.791666667
Localidad: Venustiano Carranza,123,114,24.9,37.7,30.5,55,980.9,0,22,04/04/2029,0.784722222
Localidad: Venustiano Carranza,121,131,22,36.5,30.8,52,980.8,0,40,05/04/2029,0.777777778
Localidad: Venustiano Carranza,123,112,21.5,37.2,30.9,52,980.7,0,60,06/04/2029,0.770833333
Localidad: Venustiano Carranza,129,133,22.9,36.5,31.1,50,980.7,0,73,07/04/2029,0.763888889
Localidad: Venustiano Carranza,123,130,24.2,42,30.9,50,980.4,0,115,08/04/2029,0.756944444
Localidad: Venustiano Carranza,121,122,24.1,37.5,31,50,980.5,0,60,09/04/2029,0.75
Localidad: Venustiano Carranza,118,115,24,37.9,31.4,49,980.7,0,57,10/04/2029,0.743055556
Localidad: Venustiano Carranza,119,137,21.9,37,31.6,48,980.6,0,198,11/04/2029,0.736111111
Localidad: Venustiano Carranza,125,90,23.7,42.7,31.6,48,980.7,0,155,12/04/2029,0.729166667
Localidad: Venustiano Carranza,121,116,20.6,34.7,32.4,45,980.7,0,229,13/04/2029,0.722222222
Localidad: Venustiano Carranza,126,133,21.8,36.6,32.2,46,980.5,0,292,14/04/2029,0.715277778
Localidad: Venustiano Carranza,129,138,18.6,32.7,32.5,45,980.6,0,327,15/04/2029,0.708333333
Localidad: Venustiano Carranza,131,122,21.8,35.2,32.1,45,980.8,0,360,16/04/2029,0.701388889
Localidad: Venustiano Carranza,130,131,20.2,33.6,32.3,45,980.9,0,395,17/04/2029,0.694444444
Localidad: Venustiano Carranza,127,133,21.4,33.8,32.4,45,981,0,426,18/04/2029,0.6875
Localidad: Venustiano Carranza,124,140,15.4,30.2,32.9,45,981,0,460,19/04/2029,0.680555556
Localidad: Venustiano Carranza,122,134,20.1,36.3,32.5,44,980.9,0,494,20/04/2029,0.673611111
Localidad: Venustiano Carranza,119,100,19.3,32.4,32.3,45,981.2,0,524,21/04/2029,0.666666667
Localidad: Venustiano Carranza,123,132,19.6,33.4,32.1,46,981.3,0,552,22/04/2029,0.659722222
Localidad: Venustiano Carranza,122,142,19.6,30,32.2,46,981.5,0,584,23/04/2029,0.652777778
Localidad: Venustiano Carranza,119,137,18.5,31.3,32.3,46,981.6,0,607,24/04/2029,0.645833333
Localidad: Venustiano Carranza,135,143,17.1,28.1,32.4,47,981.9,0,638,25/04/2029,0.638888889
Localidad: Venustiano Carranza,107,119,17.7,28.8,32.3,47,981.9,0,663,26/04/2029,0.631944444
Localidad: Venustiano Carranza,116,118,17.2,30.9,32,48,982.3,0,692,27/04/2029,0.625
Localidad: Venustiano Carranza,121,107,15.2,26.5,31.8,48,982.5,0,710,28/04/2029,0.618055556
Localidad: Venustiano Carranza,120,93,15.3,25.7,31.4,49,982.6,0,736,29/04/2029,0.611111111
Localidad: Venustiano Carranza,113,99,15.6,26.8,31.4,48,982.9,0,757,30/04/2029,0.604166667
Localidad: Venustiano Carranza,115,104,15.8,27.7,31.7,48,983,0,777,01/05/2029,0.597222222
Localidad: Venustiano Carranza,112,113,13.3,24.9,31.8,48,982.9,0,798,02/05/2029,0.590277778
Localidad: Venustiano Carranza,122,148,14.5,30.1,31.1,49,983.5,0,812,03/05/2029,0.583333333
Localidad: Venustiano Carranza,128,136,15.8,27.4,30.9,50,983.6,0,829,04/05/2029,0.576388889
Localidad: Venustiano Carranza,114,107,15.8,27.9,30.8,51,983.7,0,841,05/05/2029,0.569444444
Localidad: Venustiano Carranza,111,84,15.2,29.1,31.3,49,984,0,853,06/05/2029,0.5625
Localidad: Venustiano Carranza,114,143,13.4,23.1,30.9,49,984.2,0,860,07/05/2029,0.555555556
Localidad: Venustiano Carranza,110,118,14.7,27,30.2,51,984.3,0,873,08/05/2029,0.548611111
Localidad: Venustiano Carranza,123,141,15.3,25.4,29.8,53,984.5,0,877,09/05/2029,0.541666667
Localidad: Venustiano Carranza,119,105,15,28.1,30.6,51,984.6,0,882,10/05/2029,0.534722222
Localidad: Venustiano Carranza,127,124,15.5,29.7,30.1,52,984.7,0,886,11/05/2029,0.527777778
Localidad: Venustiano Carranza,108,121,16.4,29.7,29.4,55,984.8,0,889,12/05/2029,0.520833333
Localidad: Venustiano Carranza,112,129,16,29.9,29.3,55,984.8,0,890,13/05/2029,0.513888889
Localidad: Venustiano Carranza,118,124,16.3,27.4,29.2,57,984.9,0,889,14/05/2029,0.506944444
Localidad: Venustiano Carranza,123,123,15.3,23.7,28.6,57,985.2,0,879,15/05/2029,0.5
Localidad: Venustiano Carranza,114,91,16.3,27.1,28.1,59,985.4,0,875,16/05/2029,0.493055556
Localidad: Venustiano Carranza,128,127,15.4,27.8,28.4,58,985.8,0,868,17/05/2029,0.486111111
Localidad: Venustiano Carranza,104,84,16.1,29.5,27.9,59,985.8,0,861,18/05/2029,0.479166667
Localidad: Venustiano Carranza,123,138,14,25.5,27.9,62,985.9,0,850,19/05/2029,0.472222222
Localidad: Venustiano Carranza,117,121,12.5,23.1,28.2,60,986,0,835,20/05/2029,0.465277778
Localidad: Venustiano Carranza,119,139,11.5,20.8,27.5,62,986.2,0,822,21/05/2029,0.458333333
Localidad: Venustiano Carranza,119,118,13.8,26,27,63,986.4,0,806,22/05/2029,0.451388889
Localidad: Venustiano Carranza,110,106,13.6,22.1,26.9,63,986.4,0,787,23/05/2029,0.444444444
Localidad: Venustiano Carranza,123,141,14,23.1,26.6,65,986.5,0,769,24/05/2029,0.4375
Localidad: Venustiano Carranza,118,126,14.9,23.9,26.2,67,986.5,0,748,25/05/2029,0.430555556
Localidad: Venustiano Carranza,113,88,16.2,24.4,26.1,67,986.4,0,726,26/05/2029,0.423611111
Localidad: Venustiano Carranza,110,96,16.1,24.8,25.8,69,986.6,0,701,27/05/2029,0.416666667
Localidad: Venustiano Carranza,122,133,16.9,28,25.5,69,986.7,0,677,28/05/2029,0.409722222
Localidad: Venustiano Carranza,120,123,17.9,29.2,25.5,70,986.7,0,640,29/05/2029,0.402777778
Localidad: Venustiano Carranza,122,129,16.7,25.5,24.9,71,986.8,0,583,30/05/2029,0.395833333
Localidad: Venustiano Carranza,118,121,16.7,27.6,24.9,72,986.8,0,518,31/05/2029,0.388888889
Localidad: Venustiano Carranza,114,123,18,26.7,24.6,72,986.6,0,591,01/06/2029,0.381944444
Localidad: Venustiano Carranza,110,100,17,27.3,24.2,74,986.8,0,563,02/06/2029,0.375
Localidad: Venustiano Carranza,126,130,15.5,24.8,24,75,986.8,0,509,03/06/2029,0.368055556
Localidad: Venustiano Carranza,125,127,16.8,25.3,23.6,77,986.8,0,138,04/06/2029,0.361111111
Localidad: Venustiano Carranza,126,147,17.7,27.1,23.2,78,987,0,416,05/06/2029,0.354166667
Localidad: Venustiano Carranza,121,118,19,28.5,22.7,79,986.9,0,217,06/06/2029,0.347222222
Localidad: Venustiano Carranza,113,94,18.8,28.3,22.4,80,986.6,0,209,07/06/2029,0.340277778
Localidad: Venustiano Carranza,122,116,17,31,22.5,80,986.5,0,392,08/06/2029,0.333333333
Localidad: Venustiano Carranza,117,123,18.9,29.4,21.8,82,986.4,0,301,09/06/2029,0.326388889
Localidad: Venustiano Carranza,115,110,15.8,27.1,21.5,83,986.3,0,270,10/06/2029,0.319444444
Localidad: Venustiano Carranza,112,103,14,24.2,21.3,83,986.2,0,220,11/06/2029,0.3125
Localidad: Venustiano Carranza,90,91,9.1,13.4,21.4,84,986.1,0,174,12/06/2029,0.305555556
Localidad: Venustiano Carranza,67,51,7.8,11.8,21.1,84,985.9,0,105,13/06/2029,0.298611111
Localidad: Venustiano Carranza,65,63,6.5,9.5,20.8,84,986,0,105,14/06/2029,0.291666667
Localidad: Venustiano Carranza,79,86,7.3,10.9,20.4,85,985.8,0,71,15/06/2029,0.284722222
Localidad: Venustiano Carranza,87,85,7.6,9.6,20,85,985.6,0,43,16/06/2029,0.277777778
Localidad: Venustiano Carranza,94,90,7.9,10.5,19.7,85,985.5,0,18,17/06/2029,0.270833333
Localidad: Venustiano Carranza,100,91,9.6,13.2,19.7,85,985.3,0,4,18/06/2029,0.263888889
Localidad: Venustiano Carranza,93,87,11.5,15.5,19.8,85,985,0,0,19/06/2029,0.256944444
Localidad: Venustiano Carranza,89,85,10.7,13.5,19.8,85,985.1,0,0,20/06/2029,0.25
Localidad: Venustiano Carranza,92,90,11.4,13.9,19.8,85,985,0,0,21/06/2029,0.243055556
Localidad: Venustiano Carranza,92,98,9.7,13,19.8,85,984.8,0,0,22/06/2029,0.236111111
Localidad: Venustiano Carranza,100,106,8.6,11.4,19.9,85,984.8,0,0,23/06/2029,0.229166667
Localidad: Venustiano Carranza,91,87,9.6,13.7,20.1,85,984.8,0,0,24/06/2029,0.222222222
Localidad: Venustiano Carranza,64,65,12.2,14.8,21,85,984.2,0,0,25/06/2029,0.173611111
Localidad: Venustiano Carranza,61,59,11.5,13.8,21.1,85,984.3,0,0,26/06/2029,0.166666667
Localidad: Venustiano Carranza,61,56,13,16.4,21.1,85,984.3,0,0,27/06/2029,0.159722222
Localidad: Venustiano Carranza,45,51,10.1,13.9,21.3,85,984.2,0,0,28/06/2029,0.152777778
Localidad: Venustiano Carranza,43,51,7.8,12.3,21.5,84,984.2,0,0,29/06/2029,0.145833333
Localidad: Venustiano Carranza,68,80,9.7,13.2,21.6,84,984.3,0,0,30/06/2029,0.138888889
Localidad: Venustiano Carranza,81,91,9.6,12.9,21.6,84,984,0,0,01/07/2029,0.131944444
Localidad: Venustiano Carranza,84,93,11.6,16.1,21.7,84,984.2,0,0,02/07/2029,0.125
Localidad: Venustiano Carranza,87,95,12.3,17.5,21.8,84,984.3,0,0,03/07/2029,0.118055556
Localidad: Venustiano Carranza,87,98,12.2,15.9,21.8,84,984.2,0,0,04/07/2029,0.111111111
Localidad: Venustiano Carranza,87,95,12.3,17.1,22,84,984.3,0,0,05/07/2029,0.104166667
Localidad: Venustiano Carranza,97,100,11.6,15.2,22,84,984.4,0,0,06/07/2029,0.097222222
Localidad: Venustiano Carranza,96,90,13,19.1,22.3,84,984.3,0,0,07/07/2029,0.090277778
Localidad: Venustiano Carranza,97,99,14.9,20.1,22.4,84,984.6,0,0,08/07/2029,0.083333333
Localidad: Venustiano Carranza,103,92,14.7,19.8,22.5,84,984.6,0,0,09/07/2029,0.076388889
Localidad: Venustiano Carranza,110,115,13.5,19.2,22.7,84,984.8,0,0,10/07/2029,0.069444444
Localidad: Venustiano Carranza,107,107,13.3,19.6,22.7,84,984.9,0,0,11/07/2029,0.0625
Localidad: Venustiano Carranza,100,97,16.3,22.6,22.9,83,984.9,0,0,12/07/2029,0.055555556
Localidad: Venustiano Carranza,86,94,17.2,23.7,23.8,82,984.7,0,0,13/07/2029,0.006944444
Localidad: Venustiano Carranza,85,89,15,21,23.9,82,984.8,0,0,14/07/2029,0
Localidad: Venustiano Carranza,94,97,14,20.3,23.9,82,984.8,0,0,15/07/2029,0.993055556
Localidad: Venustiano Carranza,96,94,15.4,21.5,24.1,81,984.8,0,0,16/07/2029,0.986111111
Localidad: Venustiano Carranza,94,87,16.9,23.5,24.3,81,984.8,0,0,17/07/2029,0.979166667
Localidad: Venustiano Carranza,94,104,18.2,26.7,24.4,81,984.7,0,0,18/07/2029,0.972222222
Localidad: Venustiano Carranza,102,106,19.7,28.5,24.6,80,984.3,0,0,19/07/2029,0.965277778
Localidad: Venustiano Carranza,95,89,17.4,26.9,24.7,80,984.4,0,0,20/07/2029,0.958333333
Localidad: Venustiano Carranza,100,99,18.4,25.1,24.9,80,984.4,0,0,21/07/2029,0.951388889
Localidad: Venustiano Carranza,104,101,17.2,25.8,25,80,984.2,0,0,22/07/2029,0.944444444
Localidad: Venustiano Carranza,102,87,17.5,23.7,25.1,79,983.9,0,0,23/07/2029,0.9375
Localidad: Venustiano Carranza,104,112,19.1,28.8,25.4,79,983.8,0,0,24/07/2029,0.930555556
Localidad: Venustiano Carranza,108,117,18.1,25.6,25.5,79,983.6,0,0,25/07/2029,0.923611111
Localidad: Venustiano Carranza,109,116,17.5,27.6,25.6,78,983.9,0,0,26/07/2029,0.916666667
Localidad: Venustiano Carranza,113,117,17.6,28.5,25.7,78,983.6,0,0,27/07/2029,0.909722222
Localidad: Venustiano Carranza,118,132,19.1,32.6,25.9,77,983.5,0,0,28/07/2029,0.902777778
Localidad: Venustiano Carranza,119,100,22,33.7,26.1,77,983.5,0,0,29/07/2029,0.895833333
Localidad: Venustiano Carranza,118,128,22.9,36.7,26.3,76,983.2,0,0,30/07/2029,0.888888889
Localidad: Venustiano Carranza,114,115,18.2,27.4,26.5,75,983,0,0,31/07/2029,0.881944444
Localidad: Venustiano Carranza,110,120,16.2,28.3,26.6,73,983.1,0,0,01/08/2029,0.875
Localidad: Venustiano Carranza,110,120,14.8,22.6,26.8,70,982.8,0,0,02/08/2029,0.868055556
Localidad: Venustiano Carranza,101,104,14.2,22.4,26.7,69,982.6,0,0,03/08/2029,0.861111111
Localidad: Venustiano Carranza,95,91,12.4,20.3,26.9,68,982.5,0,0,04/08/2029,0.854166667
Localidad: Venustiano Carranza,96,93,13.8,18.5,27.2,67,982.4,0,0,05/08/2029,0.847222222
Localidad: Venustiano Carranza,107,108,16.3,24.9,27.4,66,981.7,0,0,06/08/2029,0.840277778
Localidad: Venustiano Carranza,111,103,16.4,24.9,27.4,66,981.5,0,0,07/08/2029,0.833333333
Localidad: Venustiano Carranza,118,121,15.3,22.9,27.6,65,981.7,0,0,08/08/2029,0.826388889
Localidad: Venustiano Carranza,121,131,17,25.1,27.8,65,981.8,0,0,09/08/2029,0.819444444
Localidad: Venustiano Carranza,123,123,18.3,29.5,27.9,65,981.7,0,0,10/08/2029,0.8125
Localidad: Venustiano Carranza,128,137,16.7,31.3,28.1,63,981.7,0,0,11/08/2029,0.805555556
Localidad: Venustiano Carranza,126,125,18.9,30.8,28.5,62,981.6,0,0,12/08/2029,0.798611111
Localidad: Venustiano Carranza,127,134,16.9,24,28.6,62,981.6,0,8,13/08/2029,0.791666667
Localidad: Venustiano Carranza,127,129,17.6,28.3,28.9,62,981.3,0,21,14/08/2029,0.784722222
Localidad: Venustiano Carranza,125,128,18.5,28.6,29.2,61,981.4,0,32,15/08/2029,0.777777778
Localidad: Venustiano Carranza,127,138,18.5,29.7,29.4,60,981.3,0,52,16/08/2029,0.770833333
Localidad: Venustiano Carranza,135,155,18,27.6,29.4,59,981.1,0,67,17/08/2029,0.763888889
Localidad: Venustiano Carranza,128,130,18.2,29,29.4,58,980.8,0,30,18/08/2029,0.756944444
Localidad: Venustiano Carranza,128,121,20.2,32.4,29.8,58,981.1,0,42,19/08/2029,0.75
Localidad: Venustiano Carranza,126,121,18,28.6,29.9,57,980.7,0,68,20/08/2029,0.743055556
Localidad: Venustiano Carranza,130,144,17.5,29.5,30.4,56,980.8,0,89,21/08/2029,0.736111111
Localidad: Venustiano Carranza,122,136,15.1,30.5,31,55,980.5,0,223,22/08/2029,0.729166667
Localidad: Venustiano Carranza,119,115,20,30,30.8,55,980.7,0,261,23/08/2029,0.722222222
Localidad: Venustiano Carranza,125,123,17.3,26.7,31.2,54,980.5,0,296,24/08/2029,0.715277778
Localidad: Venustiano Carranza,124,109,19.4,28.6,31.1,53,980.4,0,328,25/08/2029,0.708333333
Localidad: Venustiano Carranza,124,145,17.9,26.1,31.3,54,980.3,0,367,26/08/2029,0.701388889
Localidad: Venustiano Carranza,141,136,17,25.6,30.9,53,980.6,0,403,27/08/2029,0.694444444
Localidad: Venustiano Carranza,136,130,17.1,27.2,31.2,54,980.8,0,432,28/08/2029,0.6875
Localidad: Venustiano Carranza,131,125,14.9,25.8,30.9,55,981.1,0,469,29/08/2029,0.680555556
Localidad: Venustiano Carranza,126,116,16.4,25.6,31.2,54,981,0,512,30/08/2029,0.673611111
Localidad: Venustiano Carranza,118,111,15.6,24.9,31.2,55,981.3,0,580,31/08/2029,0.666666667
Localidad: Venustiano Carranza,119,127,13.6,22.2,31.5,53,981.3,0,585,01/09/2029,0.659722222
Localidad: Venustiano Carranza,147,119,13.6,23.3,31.2,55,981.5,0,647,02/09/2029,0.652777778
Localidad: Venustiano Carranza,136,129,16.5,28.9,30.5,57,981.7,0,221,03/09/2029,0.645833333
Localidad: Venustiano Carranza,122,130,14.5,26,30.9,54,981.7,0,614,04/09/2029,0.638888889
Localidad: Venustiano Carranza,120,131,10.4,19,31.9,52,981.5,0,606,05/09/2029,0.631944444
Localidad: Venustiano Carranza,123,129,10.6,20.2,31.4,54,981.8,0,273,06/09/2029,0.625
Localidad: Venustiano Carranza,205,110,2.1,20,31.3,55,982.1,0,794,07/09/2029,0.618055556
Localidad: Venustiano Carranza,208,218,7.5,14,30.1,59,982.1,0,806,08/09/2029,0.611111111
Localidad: Venustiano Carranza,175,172,2.9,11.7,31.2,58,982.6,0,781,09/09/2029,0.604166667
Localidad: Venustiano Carranza,221,231,4.2,14.7,30.5,58,982.5,0,800,10/09/2029,0.597222222
Localidad: Venustiano Carranza,187,172,4.7,12.5,30.2,60,982.7,0,842,11/09/2029,0.590277778
Localidad: Venustiano Carranza,201,154,6.5,15.3,29.6,63,983,0,923,12/09/2029,0.583333333
Localidad: Venustiano Carranza,215,169,4,10.7,30.1,62,983.1,0,914,13/09/2029,0.576388889
Localidad: Venustiano Carranza,231,228,5.1,11.7,30.1,61,983.3,0,823,14/09/2029,0.569444444
Localidad: Venustiano Carranza,237,256,5.9,10.6,29.3,64,983.5,0,817,15/09/2029,0.5625
Localidad: Venustiano Carranza,251,246,4,9.6,29,67,983.7,0,965,16/09/2029,0.555555556
Localidad: Venustiano Carranza,194,134,2.8,9.6,28.8,68,983.8,0,356,17/09/2029,0.548611111
Localidad: Venustiano Carranza,115,117,8.5,17.8,28.9,65,983.9,0,327,18/09/2029,0.541666667
Localidad: Venustiano Carranza,164,199,5.1,11.9,28.6,66,983.9,0,342,19/09/2029,0.534722222
Localidad: Venustiano Carranza,192,213,5.2,9.4,27.7,71,984.2,0,927,20/09/2029,0.527777778
Localidad: Venustiano Carranza,202,195,5.5,8.9,26.7,75,984.3,0,429,21/09/2029,0.520833333
Localidad: Venustiano Carranza,183,234,2.5,9.4,27.2,73,984.6,0,518,22/09/2029,0.513888889
Localidad: Venustiano Carranza,180,162,4.2,8.7,27.9,69,984.4,0,378,23/09/2029,0.506944444
Localidad: Venustiano Carranza,199,220,4.4,7.1,27.1,72,984.9,0,395,24/09/2029,0.5
Localidad: Venustiano Carranza,204,213,5.8,8.5,26.7,73,985.1,0,1079,25/09/2029,0.493055556
Localidad: Venustiano Carranza,253,209,2.5,8.2,27.3,71,985.3,0,515,26/09/2029,0.486111111
Localidad: Venustiano Carranza,226,241,4.3,7.5,27.5,72,985.5,0,540,27/09/2029,0.479166667
Localidad: Venustiano Carranza,240,250,3.4,7.7,26.6,74,985.7,0,449,28/09/2029,0.472222222
Localidad: Venustiano Carranza,237,229,3.9,8.2,26.6,74,985.8,0,358,29/09/2029,0.465277778
Localidad: Venustiano Carranza,233,248,3.3,9.1,26.3,76,985.9,0,360,30/09/2029,0.458333333
Localidad: Venustiano Carranza,240,217,2.7,10,25.7,78,986,0,279,01/10/2029,0.451388889
Localidad: Venustiano Carranza,258,261,5.6,11.6,25.1,80,985.9,0,237,02/10/2029,0.444444444
Localidad: Venustiano Carranza,209,173,2.9,9.1,24.8,80,985.7,0,135,03/10/2029,0.4375
Localidad: Venustiano Carranza,189,157,5.2,10,25.6,78,985.7,0,254,04/10/2029,0.430555556
Localidad: Venustiano Carranza,129,143,6.4,10.5,26,77,985.5,0,326,05/10/2029,0.423611111
Localidad: Venustiano Carranza,146,172,7.6,12.5,24.8,80,985.6,0,209,06/10/2029,0.416666667
Localidad: Venustiano Carranza,142,150,9.5,15.9,24.5,81,985.7,0,175,07/10/2029,0.409722222
Localidad: Venustiano Carranza,144,128,12.1,18.3,24.2,81,985.7,0,167,08/10/2029,0.402777778
Localidad: Venustiano Carranza,142,134,11.2,18.7,24,82,985.6,0,203,09/10/2029,0.395833333
Localidad: Venustiano Carranza,165,145,11.8,17.3,23.6,82,985.9,0,85,10/10/2029,0.388888889
Localidad: Venustiano Carranza,163,163,11.5,18,23.6,82,985.8,0,34,11/10/2029,0.381944444
Localidad: Venustiano Carranza,156,169,10.3,16.3,23.6,82,985.7,0,31,12/10/2029,0.375
Localidad: Venustiano Carranza,132,136,11.8,20.4,23.6,82,985.4,0,63,13/10/2029,0.368055556
Localidad: Venustiano Carranza,132,151,14.9,21.8,23.5,82,985.1,0,124,14/10/2029,0.361111111
Localidad: Venustiano Carranza,127,131,15.1,22.4,23.4,83,985.1,0,121,15/10/2029,0.354166667
Localidad: Venustiano Carranza,135,132,11.5,22.4,23.3,83,985.1,0,82,16/10/2029,0.347222222
Localidad: Venustiano Carranza,128,121,13.7,20.5,23.1,83,984.8,0,161,17/10/2029,0.340277778
Localidad: Venustiano Carranza,123,109,13.5,17.3,22.8,83,985,0,53,18/10/2029,0.333333333
Localidad: Venustiano Carranza,121,118,10.9,16.6,22.9,83,985,0,65,19/10/2029,0.326388889
Localidad: Venustiano Carranza,114,114,11.7,17.1,22.8,84,985,0,88,20/10/2029,0.319444444
Localidad: Venustiano Carranza,106,93,10.4,16.2,22.7,84,984.8,0,61,21/10/2029,0.3125
Localidad: Venustiano Carranza,103,95,9.6,13.4,22.5,84,984.8,0,50,22/10/2029,0.305555556
Localidad: Venustiano Carranza,113,121,10.3,13.4,22.5,84,984.7,0,28,23/10/2029,0.298611111
Localidad: Venustiano Carranza,120,124,8.2,11.4,22.4,84,984.9,0,12,24/10/2029,0.291666667
Localidad: Venustiano Carranza,117,117,8.2,13.2,22.5,84,984.8,0,8,25/10/2029,0.284722222
Localidad: Venustiano Carranza,111,108,9,14.8,22.4,84,984.5,0,16,26/10/2029,0.277777778
Localidad: Venustiano Carranza,109,127,9.9,16.8,22.2,84,984.3,0,4,27/10/2029,0.270833333
Localidad: Venustiano Carranza,97,101,10.5,15.7,22.3,84,984.1,0,1,28/10/2029,0.263888889
Localidad: Venustiano Carranza,108,119,9.7,13.9,22.3,84,983.9,0,0,29/10/2029,0.256944444
Localidad: Venustiano Carranza,105,92,9.5,15,22.4,84,984.1,0,0,30/10/2029,0.25
Localidad: Venustiano Carranza,103,99,8.5,12.5,22.3,84,984,0,0,31/10/2029,0.243055556
Localidad: Venustiano Carranza,99,94,9,13.9,22.3,84,983.9,0,0,01/11/2029,0.236111111
Localidad: Venustiano Carranza,93,81,8.5,14.1,22.3,84,983.8,0,0,02/11/2029,0.229166667
Localidad: Venustiano Carranza,94,105,9.4,13.2,22.3,84,983.6,0,0,03/11/2029,0.222222222
Localidad: Venustiano Carranza,104,114,11.2,16.4,22.3,84,983.5,0,0,04/11/2029,0.215277778
Localidad: Venustiano Carranza,94,88,10.2,15.7,22.3,84,983.6,0,0,05/11/2029,0.208333333
Localidad: Venustiano Carranza,92,108,10.3,15.7,22.2,84,983.4,0,0,06/11/2029,0.201388889
Localidad: Venustiano Carranza,92,97,11,17.8,22.2,84,983.2,0,0,07/11/2029,0.194444444
Localidad: Venustiano Carranza,96,94,13.4,23.5,22.2,84,982.9,0,0,08/11/2029,0.1875
Localidad: Venustiano Carranza,96,96,19.7,28,22.3,84,982.5,0,0,09/11/2029,0.180555556
Localidad: Venustiano Carranza,106,99,18,26,22.4,84,982.4,0,0,10/11/2029,0.173611111
Localidad: Venustiano Carranza,107,124,18.4,26.9,22.5,84,982.8,0,0,11/11/2029,0.166666667
Localidad: Venustiano Carranza,107,96,18.5,28.1,22.5,83,982.8,0,0,12/11/2029,0.159722222
Localidad: Venustiano Carranza,109,109,18.6,27.6,22.6,83,982.8,0,0,13/11/2029,0.152777778
Localidad: Venustiano Carranza,105,112,18.7,28.5,22.6,83,982.9,0,0,14/11/2029,0.145833333
Localidad: Venustiano Carranza,112,123,16.2,24,22.7,83,982.9,0,0,15/11/2029,0.138888889
Localidad: Venustiano Carranza,115,114,18.8,29.7,22.7,83,982.7,0,0,16/11/2029,0.131944444
Localidad: Venustiano Carranza,113,119,16.8,23.5,22.7,83,982.6,0,0,17/11/2029,0.125
Localidad: Venustiano Carranza,109,104,18.4,27.1,22.7,83,982.7,0,0,18/11/2029,0.118055556
Localidad: Venustiano Carranza,110,103,17.5,26.5,22.7,83,982.7,0,0,19/11/2029,0.111111111
Localidad: Venustiano Carranza,112,112,14.8,21.7,22.7,83,982.9,0,0,20/11/2029,0.104166667
Localidad: Venustiano Carranza,113,106,14.3,22.1,22.8,83,983.2,0,0,21/11/2029,0.097222222
Localidad: Venustiano Carranza,112,108,15.8,23.7,22.8,83,983.1,0,0,22/11/2029,0.090277778
Localidad: Venustiano Carranza,111,111,15.9,23.5,22.8,83,983.4,0,0,23/11/2029,0.083333333
Localidad: Venustiano Carranza,115,127,14.8,23.3,22.8,82,983.5,0,0,24/11/2029,0.076388889
Localidad: Venustiano Carranza,117,121,15.1,22.1,22.8,82,983.6,0,0,25/11/2029,0.069444444
Localidad: Venustiano Carranza,125,132,15.8,28.5,22.8,82,983.5,0,0,26/11/2029,0.0625
Localidad: Venustiano Carranza,126,97,18,29.2,22.9,82,983.5,0,0,27/11/2029,0.055555556
Localidad: Venustiano Carranza,125,114,16.3,24.2,22.9,82,983.5,0,0,28/11/2029,0.048611111
Localidad: Venustiano Carranza,131,132,18,27.1,22.9,82,983.5,0,0,29/11/2029,0.041666667
Localidad: Venustiano Carranza,124,115,13.9,25.1,22.9,82,983.6,0,0,30/11/2029,0.034722222
Localidad: Venustiano Carranza,128,117,15.3,24.2,22.9,82,983.7,0,0,01/12/2029,0.027777778
Localidad: Venustiano Carranza,125,126,15.2,23.1,22.8,82,983.6,0,0,02/12/2029,0.020833333
Localidad: Venustiano Carranza,122,110,16,28.5,22.9,82,983.6,0,0,03/12/2029,0.013888889
Localidad: Venustiano Carranza,124,129,17.2,28.2,22.9,82,983.5,0,0,04/12/2029,0.006944444
Localidad: Venustiano Carranza,129,129,17.8,35.3,22.9,82,983.5,0,0,05/12/2029,0
Localidad: Venustiano Carranza,133,130,21.8,34.6,23,81,983.5,0,0,06/12/2029,0.993055556
Localidad: Venustiano Carranza,131,143,22.5,37.6,23.1,81,983.5,0,0,07/12/2029,0.986111111
Localidad: Venustiano Carranza,131,124,22.7,38.3,23.1,81,983.5,0,0,08/12/2029,0.979166667
Localidad: Venustiano Carranza,131,134,24.6,43.8,23.1,81,983.4,0,0,09/12/2029,0.972222222
Localidad: Venustiano Carranza,132,133,29.3,48.2,23.2,81,983.1,0,0,10/12/2029,0.965277778
Localidad: Venustiano Carranza,130,129,27.2,46.8,23.3,81,983.5,0,0,11/12/2029,0.958333333
Localidad: Venustiano Carranza,137,130,26,43.6,23.5,80,983.6,0,0,12/12/2029,0.951388889
Localidad: Venustiano Carranza,136,148,24,39.9,23.4,81,984,0,0,13/12/2029,0.944444444
Localidad: Venustiano Carranza,135,131,28.8,43.8,23.5,80,983.7,0,0,14/12/2029,0.9375
Localidad: Venustiano Carranza,133,130,24.8,40.8,23.5,80,983.8,0,0,15/12/2029,0.930555556
Localidad: Venustiano Carranza,137,133,26.4,42.9,23.6,80,983.8,0,0,16/12/2029,0.923611111
Localidad: Venustiano Carranza,134,130,28.4,45,23.7,80,984,0,0,17/12/2029,0.916666667
Localidad: Venustiano Carranza,132,145,25,42,23.6,81,983.8,0,0,18/12/2029,0.909722222
Localidad: Venustiano Carranza,134,128,26.6,38.3,23.6,80,983.9,0,0,19/12/2029,0.902777778
Localidad: Venustiano Carranza,127,135,24.1,41.3,23.7,80,983.9,0,0,20/12/2029,0.895833333
Localidad: Venustiano Carranza,128,143,19,28.5,23.9,79,983.8,0,0,21/12/2029,0.888888889
Localidad: Venustiano Carranza,131,131,26.5,42.7,24.1,79,983.6,0,0,22/12/2029,0.881944444
Localidad: Venustiano Carranza,125,131,25.2,40.8,24.2,78,983.5,0,0,23/12/2029,0.875
Localidad: Venustiano Carranza,123,128,25.8,43.8,24.5,78,983.3,0,0,24/12/2029,0.868055556
Localidad: Venustiano Carranza,122,135,21.2,36,24.6,77,983.5,0,0,25/12/2029,0.861111111
Localidad: Venustiano Carranza,132,131,23.2,36.7,24.7,77,983.8,0,0,26/12/2029,0.854166667
Localidad: Venustiano Carranza,134,127,23.1,39.2,24.8,76,984,0,0,27/12/2029,0.847222222
Localidad: Venustiano Carranza,133,140,22.5,39,24.9,75,983.6,0,0,28/12/2029,0.840277778
Localidad: Venustiano Carranza,129,132,25.4,47,25.2,74,983.4,0,0,29/12/2029,0.833333333
Localidad: Venustiano Carranza,128,129,28.1,46.5,25.4,73,983.2,0,0,30/12/2029,0.826388889
Localidad: Venustiano Carranza,125,120,24.8,35.6,25.7,71,983,0,0,31/12/2029,0.819444444
Localidad: Venustiano Carranza,131,138,26.2,37.3,26,71,983.6,0,0,01/01/2030,0.8125
Localidad: Venustiano Carranza,131,123,18.8,33,26.3,70,983.4,0,0,02/01/2030,0.805555556
Localidad: Venustiano Carranza,129,120,19.9,33.8,26.5,69,983,0,0,03/01/2030,0.798611111
Localidad: Venustiano Carranza,129,124,17.6,31.2,26.7,68,982.9,0,2,04/01/2030,0.791666667
Localidad: Venustiano Carranza,126,134,21.2,32.7,26.7,68,982.8,0,10,05/01/2030,0.784722222
Localidad: Venustiano Carranza,123,124,22.4,33.8,26.9,67,982.7,0,19,06/01/2030,0.777777778
Localidad: Venustiano Carranza,125,119,20,37.2,27.2,67,982.8,0,27,07/01/2030,0.770833333
Localidad: Venustiano Carranza,126,116,18.6,29.2,27.3,66,982.6,0,35,08/01/2030,0.763888889
Localidad: Venustiano Carranza,129,136,21.4,33.8,27.3,65,982.6,0,39,09/01/2030,0.756944444
Localidad: Venustiano Carranza,129,145,20.5,33.1,27.4,65,982.9,0,52,10/01/2030,0.75
Localidad: Venustiano Carranza,128,123,21.2,32.6,27.7,63,982.9,0,93,11/01/2030,0.743055556
Localidad: Venustiano Carranza,127,138,22,34.9,27.7,63,982.7,0,152,12/01/2030,0.736111111
Localidad: Venustiano Carranza,135,143,20.5,31.3,27.9,63,982.7,0,137,13/01/2030,0.729166667
Localidad: Venustiano Carranza,126,143,21.2,35.1,27.9,63,982.9,0,165,14/01/2030,0.722222222
Localidad: Venustiano Carranza,130,141,24.3,40.6,27.9,63,982.6,0,152,15/01/2030,0.715277778
Localidad: Venustiano Carranza,146,147,22.1,34.2,28.5,61,982.8,0,262,16/01/2030,0.708333333
Localidad: Venustiano Carranza,139,133,22.4,37,28.2,61,982.9,0,305,17/01/2030,0.701388889
Localidad: Venustiano Carranza,136,138,23.6,36.1,27.9,64,982.9,0,343,18/01/2030,0.694444444
Localidad: Venustiano Carranza,139,137,22.6,37.2,27.9,63,983,0,211,19/01/2030,0.6875
Localidad: Venustiano Carranza,130,124,23.4,38.6,27.8,64,983.4,0,296,20/01/2030,0.680555556
Localidad: Venustiano Carranza,132,114,22.4,36.8,27.4,66,983.3,0,151,21/01/2030,0.673611111
Localidad: Venustiano Carranza,144,138,22.4,38.1,28,64,983.6,0,335,22/01/2030,0.666666667
Localidad: Venustiano Carranza,128,127,24.5,41.6,27.8,64,983.6,0,275,23/01/2030,0.659722222
Localidad: Venustiano Carranza,143,141,24.1,43.6,28.9,61,983.5,0,320,24/01/2030,0.652777778
Localidad: Venustiano Carranza,149,158,24.1,38.8,28.1,62,983.5,0,353,25/01/2030,0.645833333
Localidad: Venustiano Carranza,144,142,25.2,41.1,27.5,65,984,0,404,26/01/2030,0.638888889
Localidad: Venustiano Carranza,135,118,24.5,37.9,28.4,65,983.8,0,901,27/01/2030,0.631944444
Localidad: Venustiano Carranza,131,151,22.4,37.2,27.5,66,983.8,0,838,28/01/2030,0.625
Localidad: Venustiano Carranza,124,119,20.9,34,26.8,70,984.3,0,262,29/01/2030,0.618055556
Localidad: Venustiano Carranza,132,134,24.4,36.3,26.8,69,984.4,0,334,30/01/2030,0.611111111
Localidad: Venustiano Carranza,137,136,27.5,43.1,26.8,68,984.7,0,361,31/01/2030,0.604166667
Localidad: Venustiano Carranza,133,125,25.5,38.1,26.7,70,984.8,0,383,01/02/2030,0.597222222
Localidad: Venustiano Carranza,127,121,20,34.4,26.6,70,985,0,348,02/02/2030,0.590277778
Localidad: Venustiano Carranza,116,103,20.2,35.3,26.4,71,985.3,0,290,03/02/2030,0.583333333
Localidad: Venustiano Carranza,115,97,22.1,33.5,26,72,985.3,0,671,04/02/2030,0.576388889
Localidad: Venustiano Carranza,128,131,23.4,35.6,26.1,72,985.6,0,331,05/02/2030,0.569444444
Localidad: Venustiano Carranza,140,137,24.6,37.6,26.1,72,985.6,0,376,06/02/2030,0.5625
Localidad: Venustiano Carranza,136,138,23.9,39,26.4,72,985.7,0,946,07/02/2030,0.555555556
Localidad: Venustiano Carranza,124,113,23.5,40.1,26.2,72,985.8,0,527,08/02/2030,0.548611111
Localidad: Venustiano Carranza,132,135,24.1,36.9,25.5,73,986.1,0,593,09/02/2030,0.541666667
Localidad: Venustiano Carranza,131,119,21.3,35.3,25.9,74,986.3,0,406,10/02/2030,0.534722222
Localidad: Venustiano Carranza,137,133,25,37.8,25.5,75,986.5,0,310,11/02/2030,0.527777778
Localidad: Venustiano Carranza,136,134,25.8,38.8,25.4,74,986.6,0,342,12/02/2030,0.520833333
Localidad: Venustiano Carranza,131,144,20.3,31.9,25.8,72,986.7,0,376,13/02/2030,0.513888889
Localidad: Venustiano Carranza,139,133,22.9,37.4,25.4,74,986.7,0,383,14/02/2030,0.506944444
Localidad: Venustiano Carranza,133,135,26.3,39.9,25.8,73,987,0,332,15/02/2030,0.5
Localidad: Venustiano Carranza,135,135,23.8,39.2,25.2,74,987.6,0,424,16/02/2030,0.493055556
Localidad: Venustiano Carranza,134,136,23.7,40.1,25.1,75,987.3,0,382,17/02/2030,0.486111111
Localidad: Venustiano Carranza,133,129,24,37.2,24.8,77,987.3,0,444,18/02/2030,0.479166667
Localidad: Venustiano Carranza,135,124,20.8,37.4,24.8,78,987.5,0,217,19/02/2030,0.472222222
Localidad: Venustiano Carranza,126,139,19.3,31,24.3,79,987.4,0,374,20/02/2030,0.465277778
Localidad: Venustiano Carranza,128,114,20.9,32.1,23.7,80,987.8,0,215,21/02/2030,0.458333333
Localidad: Venustiano Carranza,126,130,20.1,34.2,23.4,81,987.9,0,303,22/02/2030,0.451388889
Localidad: Venustiano Carranza,127,135,20.3,35.3,23.1,82,988,0,207,23/02/2030,0.444444444
Localidad: Venustiano Carranza,125,121,23.6,34.2,22.7,83,988.2,0,164,24/02/2030,0.4375
Localidad: Venustiano Carranza,123,126,19.7,34.4,22.5,83,988.4,0,209,25/02/2030,0.430555556
Localidad: Venustiano Carranza,124,134,20.9,35.2,22.2,84,988.3,0,178,26/02/2030,0.423611111
Localidad: Venustiano Carranza,124,125,20,29.7,22.2,84,988.3,0,87,27/02/2030,0.416666667
Localidad: Venustiano Carranza,123,129,16.9,26.3,22,84,988.3,0,175,28/02/2030,0.409722222
Localidad: Venustiano Carranza,116,118,16.8,28.6,21.7,84,988.3,0,151,01/03/2030,0.402777778
Localidad: Venustiano Carranza,117,118,15.8,28,21.5,84,988.1,0,138,02/03/2030,0.395833333
Localidad: Venustiano Carranza,115,119,16.8,25.6,21.3,85,988,0,109,03/03/2030,0.388888889
Localidad: Venustiano Carranza,115,117,15.1,25.1,21.2,85,987.8,0,108,04/03/2030,0.381944444
Localidad: Venustiano Carranza,117,119,16.3,25.8,21,85,987.8,0,46,05/03/2030,0.375
Localidad: Venustiano Carranza,118,121,16.5,30.8,21,85,987.9,0,70,06/03/2030,0.368055556
Localidad: Venustiano Carranza,110,112,17,28.3,21,85,987.9,0,61,07/03/2030,0.361111111
Localidad: Venustiano Carranza,113,109,15.2,22.6,21,85,987.8,0,50,08/03/2030,0.354166667
Localidad: Venustiano Carranza,116,129,16.4,30.8,21,85,987.6,0,50,09/03/2030,0.347222222
Localidad: Venustiano Carranza,119,116,19.8,29.7,21.2,85,987.7,0,49,10/03/2030,0.340277778
Localidad: Venustiano Carranza,116,121,19.7,30.2,21.5,84,987.6,0,36,11/03/2030,0.333333333
Localidad: Venustiano Carranza,115,102,17.2,25.8,21.6,84,987.5,0,33,12/03/2030,0.326388889
Localidad: Venustiano Carranza,114,109,16.9,26,21.6,84,987.5,0,37,13/03/2030,0.319444444
Localidad: Venustiano Carranza,112,104,18.2,26.9,21.6,84,987.4,0,31,14/03/2030,0.3125
Localidad: Venustiano Carranza,115,108,17.4,26.5,21.6,84,987.4,0,28,15/03/2030,0.305555556
Localidad: Venustiano Carranza,110,108,16.9,23.7,21.5,84,987.2,0,18,16/03/2030,0.298611111
Localidad: Venustiano Carranza,111,117,17.1,24.2,21.4,84,987.2,0,27,17/03/2030,0.291666667
Localidad: Venustiano Carranza,112,108,17.4,25.6,21.4,84,987.1,0,16,18/03/2030,0.284722222
Localidad: Venustiano Carranza,112,118,19.5,29,21.4,84,986.9,0,12,19/03/2030,0.277777778
Localidad: Venustiano Carranza,111,108,20.3,30.8,21.4,84,986.9,0,5,20/03/2030,0.270833333
Localidad: Venustiano Carranza,115,118,19.1,30.6,21.4,84,986.9,0,1,21/03/2030,0.263888889
Localidad: Venustiano Carranza,113,116,18.3,28.5,21.5,84,986.7,0,0,22/03/2030,0.256944444
Localidad: Venustiano Carranza,112,105,18.1,25.6,21.4,84,986.8,0,0,23/03/2030,0.25
Localidad: Venustiano Carranza,113,112,17.2,25.3,21.4,84,986.7,0,0,24/03/2030,0.243055556
Localidad: Venustiano Carranza,114,113,14.2,21,21.4,84,986.7,0,0,25/03/2030,0.236111111
Localidad: Venustiano Carranza,107,88,13.9,21.6,21.4,84,986.6,0,0,26/03/2030,0.229166667
Localidad: Venustiano Carranza,105,100,14.9,22.4,21.3,84,986.6,0,0,27/03/2030,0.222222222
Localidad: Venustiano Carranza,110,115,15.7,24.4,21.3,84,986.5,0,0,28/03/2030,0.215277778
Localidad: Venustiano Carranza,105,85,14.2,21.9,21.1,85,986.6,0,0,29/03/2030,0.208333333
Localidad: Venustiano Carranza,101,90,16,23.5,21.1,85,986.6,0,0,30/03/2030,0.201388889
Localidad: Venustiano Carranza,106,93,16.1,24,21.3,84,986.6,0,0,31/03/2030,0.194444444
Localidad: Venustiano Carranza,109,106,14.9,24.1,21.4,84,986.6,0,0,01/04/2030,0.1875
Localidad: Venustiano Carranza,109,108,14.5,21.2,21.3,84,986.6,0,0,02/04/2030,0.180555556
Localidad: Venustiano Carranza,112,137,14.4,21,21.4,84,986.4,0,0,03/04/2030,0.173611111
Localidad: Venustiano Carranza,114,93,14.6,20.6,21.2,84,986.5,0,0,04/04/2030,0.166666667
Localidad: Venustiano Carranza,116,125,17.2,26.9,21.4,84,986.5,0,0,05/04/2030,0.159722222
Localidad: Venustiano Carranza,115,130,16.2,24.4,21.6,83,986.6,0,0,06/04/2030,0.152777778
Localidad: Venustiano Carranza,109,118,18,26.3,21.6,83,986.6,0,0,07/04/2030,0.145833333
Localidad: Venustiano Carranza,112,104,16.6,25.9,21.7,83,986.5,0,0,08/04/2030,0.138888889
Localidad: Venustiano Carranza,113,115,17.1,26.2,21.7,83,986.4,0,0,09/04/2030,0.131944444
Localidad: Venustiano Carranza,119,132,16.7,26.5,21.7,83,986.6,0,0,10/04/2030,0.125
Localidad: Venustiano Carranza,116,120,18.2,29.9,21.7,83,986.5,0,0,11/04/2030,0.118055556
Localidad: Venustiano Carranza,119,124,16.9,26.7,21.8,83,986.4,0,0,12/04/2030,0.111111111
Localidad: Venustiano Carranza,122,120,15.9,24.7,21.9,83,986.5,0,0,13/04/2030,0.104166667
Localidad: Venustiano Carranza,122,92,18.7,31.3,22,83,986.5,0,0,14/04/2030,0.097222222
Localidad: Venustiano Carranza,121,121,16.6,25.3,22,83,986.4,0,0,15/04/2030,0.090277778
Localidad: Venustiano Carranza,120,119,18.6,28.1,22,83,986.7,0,0,16/04/2030,0.083333333
Localidad: Venustiano Carranza,115,125,18.8,28.1,22.1,82,986.8,0,0,17/04/2030,0.076388889
Localidad: Venustiano Carranza,123,128,15.9,24.4,22.2,82,986.8,0,0,18/04/2030,0.069444444
Localidad: Venustiano Carranza,130,129,19,29.4,22.2,82,986.8,0,0,19/04/2030,0.0625
Localidad: Venustiano Carranza,124,122,17.9,27.1,22.2,82,986.9,0,0,20/04/2030,0.055555556
Localidad: Venustiano Carranza,127,130,17.1,29,22.2,82,986.8,0,0,21/04/2030,0.048611111
Localidad: Venustiano Carranza,124,141,16.7,27.1,22.3,82,987.1,0,0,22/04/2030,0.041666667
Localidad: Venustiano Carranza,128,130,16.6,25.3,22.3,82,987,0,0,23/04/2030,0.034722222
Localidad: Venustiano Carranza,129,145,16.1,26.9,22.4,81,987.1,0,0,24/04/2030,0.027777778
Localidad: Venustiano Carranza,127,134,14.6,26.7,22.6,80,987,0,0,25/04/2030,0.020833333
Localidad: Venustiano Carranza,127,129,13.4,21.5,22.6,80,987,0,0,26/04/2030,0.013888889
Localidad: Venustiano Carranza,123,137,12.4,18.5,22.7,80,986.8,0,0,27/04/2030,0.006944444
Localidad: Venustiano Carranza,129,133,13.6,22.2,22.7,79,987,0,0,28/04/2030,0
Localidad: Venustiano Carranza,119,131,12.3,19.6,22.7,79,987.1,0,0,29/04/2030,0.993055556
Localidad: Venustiano Carranza,118,114,12,16.6,22.6,78,986.9,0,0,30/04/2030,0.986111111
Localidad: Venustiano Carranza,117,114,12.1,20.1,22.5,78,986.9,0,0,01/05/2030,0.979166667
Localidad: Venustiano Carranza,119,121,14.7,22.6,22.5,77,986.9,0,0,02/05/2030,0.972222222
Localidad: Venustiano Carranza,119,130,15.4,21.9,22.7,77,986.7,0,0,03/05/2030,0.965277778
Localidad: Venustiano Carranza,120,125,15.9,22.9,22.7,77,986.8,0,0,04/05/2030,0.958333333
Localidad: Venustiano Carranza,114,128,14.7,21.7,22.8,77,986.8,0,0,05/05/2030,0.951388889
Localidad: Venustiano Carranza,115,125,15.6,23.1,22.9,76,986.8,0,0,06/05/2030,0.944444444
Localidad: Venustiano Carranza,111,115,15,21.7,23,75,986.9,0,0,07/05/2030,0.9375
Localidad: Venustiano Carranza,121,110,14.4,23.1,23.2,74,986.8,0,0,08/05/2030,0.930555556
Localidad: Venustiano Carranza,123,120,14.3,22.6,23.3,74,986.7,0,0,09/05/2030,0.923611111
Localidad: Venustiano Carranza,128,140,14,22.2,23.4,73,986.9,0,0,10/05/2030,0.916666667
Localidad: Venustiano Carranza,128,143,14.2,22.9,23.6,72,986.9,0,0,11/05/2030,0.909722222
Localidad: Venustiano Carranza,133,128,15,20.3,23.7,72,986.8,0,0,12/05/2030,0.902777778
Localidad: Venustiano Carranza,133,135,16.1,24.4,23.9,71,986.8,0,0,13/05/2030,0.895833333
Localidad: Venustiano Carranza,136,138,16.7,28.5,24,71,986.8,0,0,14/05/2030,0.888888889
Localidad: Venustiano Carranza,139,148,16.1,26.3,24.1,70,986.5,0,0,15/05/2030,0.881944444
Localidad: Venustiano Carranza,141,134,17,26.7,24.1,70,986.5,0,0,16/05/2030,0.875
Localidad: Venustiano Carranza,142,147,17.5,28.6,24.2,70,986.4,0,0,17/05/2030,0.868055556
Localidad: Venustiano Carranza,141,151,17.8,27.4,24.2,70,986.2,0,0,18/05/2030,0.861111111
Localidad: Venustiano Carranza,140,133,18.9,29,24.4,69,986.2,0,0,19/05/2030,0.854166667
Localidad: Venustiano Carranza,136,145,16.8,27.8,24.4,69,986.1,0,0,20/05/2030,0.847222222
Localidad: Venustiano Carranza,133,112,12.2,23.3,24.2,69,985.8,0,0,21/05/2030,0.840277778
Localidad: Venustiano Carranza,130,132,12.7,20.6,24.3,68,986,0,0,22/05/2030,0.833333333
Localidad: Venustiano Carranza,134,143,11.2,18.7,24.2,68,986.1,0,0,23/05/2030,0.826388889
Localidad: Venustiano Carranza,134,136,12.4,19.3,24.4,67,986,0,0,24/05/2030,0.819444444
Localidad: Venustiano Carranza,133,139,13.4,19.2,24.5,66,985.9,0,0,25/05/2030,0.8125
Localidad: Venustiano Carranza,133,135,14,22.2,24.7,65,985.8,0,0,26/05/2030,0.805555556
Localidad: Venustiano Carranza,132,138,15.9,24.2,24.9,64,985.6,0,0,27/05/2030,0.798611111
Localidad: Venustiano Carranza,138,137,18.6,26.7,25.3,63,985.7,0,3,28/05/2030,0.791666667
Localidad: Venustiano Carranza,135,145,18.3,27.4,25.5,61,985.7,0,10,29/05/2030,0.784722222
Localidad: Venustiano Carranza,140,144,20.7,31.7,25.6,60,985.6,0,11,30/05/2030,0.777777778
Localidad: Venustiano Carranza,140,139,17,30.8,25.8,59,985.6,0,15,31/05/2030,0.770833333
Localidad: Venustiano Carranza,145,159,17.9,29,26.2,58,985.6,0,36,01/06/2030,0.763888889
Localidad: Venustiano Carranza,137,132,23.9,36.8,26.7,58,985.4,0,120,02/06/2030,0.756944444
Localidad: Venustiano Carranza,146,151,18.2,31.5,26.9,58,985.3,0,130,03/06/2030,0.75
Localidad: Venustiano Carranza,128,140,19.4,30.2,27.2,55,985.3,0,163,04/06/2030,0.743055556
Localidad: Venustiano Carranza,139,121,19.5,31.3,27.4,55,985.2,0,208,05/06/2030,0.736111111
Localidad: Venustiano Carranza,137,134,21.6,34.7,27.3,57,985.1,0,240,06/06/2030,0.729166667
Localidad: Venustiano Carranza,132,121,20.5,32.9,27.3,56,985.2,0,131,07/06/2030,0.722222222
Localidad: Venustiano Carranza,132,128,16,27.6,27.3,57,984.8,0,377,08/06/2030,0.715277778
Localidad: Venustiano Carranza,120,127,19.5,34.7,26.9,58,985.2,0,149,09/06/2030,0.708333333
Localidad: Venustiano Carranza,126,117,16.3,26,27.6,57,985.2,0,248,10/06/2030,0.701388889
Localidad: Venustiano Carranza,123,111,19.2,30.9,27.5,56,985.3,0,213,11/06/2030,0.694444444
Localidad: Venustiano Carranza,129,140,17.9,30.8,27.9,54,985.2,0,418,12/06/2030,0.6875
Localidad: Venustiano Carranza,123,134,17.9,31.5,27.2,56,985.2,0,272,13/06/2030,0.680555556
Localidad: Venustiano Carranza,122,130,19.5,34,28,55,985.1,0,261,14/06/2030,0.673611111
Localidad: Venustiano Carranza,138,135,21,32,27.6,56,985.1,0,422,15/06/2030,0.666666667
Localidad: Venustiano Carranza,115,114,16.7,29.3,27.6,57,985.4,0,368,16/06/2030,0.659722222
Localidad: Venustiano Carranza,114,124,18.1,29.5,27.2,59,985.5,0,712,17/06/2030,0.652777778
Localidad: Venustiano Carranza,123,135,20.7,36.8,26.9,58,985.8,0,238,18/06/2030,0.645833333
Localidad: Venustiano Carranza,139,140,15.4,25,26.9,59,985.8,0,157,19/06/2030,0.638888889
Localidad: Venustiano Carranza,126,127,16,24.8,27.3,58,985.7,0,186,20/06/2030,0.631944444
Localidad: Venustiano Carranza,126,130,19.5,29.4,27.2,58,986,0,262,21/06/2030,0.625
Localidad: Venustiano Carranza,135,134,18.8,29.2,27.4,56,986,0,327,22/06/2030,0.618055556
Localidad: Venustiano Carranza,133,127,17,28.3,27.8,52,986.2,0,419,23/06/2030,0.611111111
Localidad: Venustiano Carranza,137,144,17.1,31.4,27.6,54,986.2,0,367,24/06/2030,0.604166667
Localidad: Venustiano Carranza,123,110,17.6,25.6,27.4,57,986.2,0,273,25/06/2030,0.597222222
Localidad: Venustiano Carranza,114,115,15.8,28,28.1,56,986.2,0,351,26/06/2030,0.590277778
Localidad: Venustiano Carranza,128,111,13.1,20.1,27.4,56,986.4,0,341,27/06/2030,0.583333333
Localidad: Venustiano Carranza,138,102,15.1,25.1,27.2,57,986.5,0,264,28/06/2030,0.576388889
Localidad: Venustiano Carranza,148,134,15,25.1,27.8,55,986.7,0,403,29/06/2030,0.569444444
Localidad: Venustiano Carranza,123,98,14.3,28.8,27.8,56,986.8,0,307,30/06/2030,0.5625
Localidad: Venustiano Carranza,140,169,10.6,19.2,27.5,58,987,0,695,01/07/2030,0.555555556
Localidad: Venustiano Carranza,147,147,11.9,21.7,28,57,987,0,369,02/07/2030,0.548611111
Localidad: Venustiano Carranza,164,172,8.1,18.3,26.7,59,987.2,0,356,03/07/2030,0.541666667
Localidad: Venustiano Carranza,137,133,7.1,14.4,27.3,58,987.4,0,355,04/07/2030,0.534722222
Localidad: Venustiano Carranza,128,134,8.7,19.2,26.9,60,987.6,0,318,05/07/2030,0.527777778
Localidad: Venustiano Carranza,130,122,11.3,20.8,27.8,59,987.7,0,1211,06/07/2030,0.520833333
Localidad: Venustiano Carranza,141,142,9,18,26.6,60,987.7,0,727,07/07/2030,0.513888889
Localidad: Venustiano Carranza,120,113,10.9,19,27.1,61,987.7,0,992,08/07/2030,0.506944444
Localidad: Venustiano Carranza,102,105,11.4,19.6,26.8,61,987.9,0,984,09/07/2030,0.5
Localidad: Venustiano Carranza,104,117,11.3,20.3,26,64,988,0,1103,10/07/2030,0.493055556
Localidad: Venustiano Carranza,103,98,11.3,19.6,25.5,65,988.1,0,591,11/07/2030,0.486111111
Localidad: Venustiano Carranza,123,129,10,20.3,26.3,64,988.1,0,385,12/07/2030,0.479166667
Localidad: Venustiano Carranza,117,123,8.5,17.8,26.2,64,988.3,0,1045,13/07/2030,0.472222222
Localidad: Venustiano Carranza,106,111,4.2,15,25.3,68,988.3,0,1010,14/07/2030,0.465277778
Localidad: Venustiano Carranza,226,245,4.1,8,24.8,70,988.6,0,220,15/07/2030,0.458333333
Localidad: Venustiano Carranza,196,216,2.4,8.4,23.6,75,988.7,0,734,16/07/2030,0.451388889
Localidad: Venustiano Carranza,222,257,2.6,10,23.9,73,988.7,0,270,17/07/2030,0.444444444
Localidad: Venustiano Carranza,141,153,8.3,15,24.2,70,988.7,0,334,18/07/2030,0.4375
Localidad: Venustiano Carranza,117,104,7.5,16.4,24.8,69,988.6,0,545,19/07/2030,0.430555556
Localidad: Venustiano Carranza,120,117,8.6,14.3,24.6,70,988.3,0,819,20/07/2030,0.423611111
Localidad: Venustiano Carranza,110,120,8.6,15,23.1,74,988.4,0.2,272,21/07/2030,0.416666667
Localidad: Venustiano Carranza,106,98,8.8,16.1,23.2,73,988.4,0,244,22/07/2030,0.409722222
Localidad: Venustiano Carranza,151,136,6.9,14.3,23.3,76,988.3,0,748,23/07/2030,0.402777778
Localidad: Venustiano Carranza,129,166,8.1,14.1,23.1,75,988.2,0,254,24/07/2030,0.395833333
Localidad: Venustiano Carranza,116,123,8.5,15.5,22.6,76,988.1,0,308,25/07/2030,0.388888889
Localidad: Venustiano Carranza,112,121,8.7,14.5,23.2,75,987.9,0,327,26/07/2030,0.381944444
Localidad: Venustiano Carranza,115,95,8.9,18.2,22.6,76,987.9,0,668,27/07/2030,0.375
Localidad: Venustiano Carranza,105,95,9.9,16.4,22.5,77,987.8,0,489,28/07/2030,0.368055556
Localidad: Venustiano Carranza,116,127,11.3,17.5,22.3,77,987.7,0,294,29/07/2030,0.361111111
Localidad: Venustiano Carranza,110,106,12,18,21.9,79,987.6,0,306,30/07/2030,0.354166667
Localidad: Venustiano Carranza,129,112,12.1,19.8,22,79,987.6,0,500,31/07/2030,0.347222222
Localidad: Venustiano Carranza,124,123,11.5,19.2,21.2,83,987.3,0,500,01/08/2030,0.340277778
Localidad: Venustiano Carranza,115,114,11.3,19.2,20,84,987.4,0,164,02/08/2030,0.333333333
Localidad: Venustiano Carranza,100,116,12.4,18.4,19.4,84,987.3,0,130,03/08/2030,0.326388889
Localidad: Venustiano Carranza,86,86,11.9,16.4,19.6,84,987.2,0,256,04/08/2030,0.319444444
Localidad: Venustiano Carranza,84,85,12.4,15.5,19.1,85,987.1,0,223,05/08/2030,0.3125
Localidad: Venustiano Carranza,70,73,11.3,14.8,18.8,85,987,0,179,06/08/2030,0.305555556
Localidad: Venustiano Carranza,55,54,12.7,15,18.1,85,986.7,0,132,07/08/2030,0.298611111
Localidad: Venustiano Carranza,58,65,12.2,14.1,17.8,86,986.8,0,108,08/08/2030,0.291666667
Localidad: Venustiano Carranza,63,71,12.3,14.1,17.7,86,986.7,0,69,09/08/2030,0.284722222
Localidad: Venustiano Carranza,66,75,11.7,13.5,17.5,86,986.5,0,37,10/08/2030,0.277777778
Localidad: Venustiano Carranza,69,64,12.2,14.2,17.2,86,986.3,0,7,11/08/2030,0.270833333
Localidad: Venustiano Carranza,63,62,11.5,14,17.2,86,986.2,0,1,12/08/2030,0.263888889
Localidad: Venustiano Carranza,71,73,12,13.7,17.3,86,986.1,0,0,13/08/2030,0.256944444
Localidad: Venustiano Carranza,76,75,12.1,15.6,17.3,86,986.1,0,0,14/08/2030,0.25
Localidad: Venustiano Carranza,78,75,12.3,14.3,17.3,86,986,0,0,15/08/2030,0.243055556
Localidad: Venustiano Carranza,77,73,12.4,15.4,17.5,86,986.1,0,0,16/08/2030,0.236111111
Localidad: Venustiano Carranza,85,92,11.2,14.2,17.5,86,986,0,0,17/08/2030,0.229166667
Localidad: Venustiano Carranza,81,70,11.1,13.9,17.6,86,986,0,0,18/08/2030,0.222222222
Localidad: Venustiano Carranza,73,51,11.6,16.2,17.7,86,985.8,0,0,19/08/2030,0.215277778
Localidad: Venustiano Carranza,57,51,10.5,15,17.9,86,985.8,0,0,20/08/2030,0.208333333
Localidad: Venustiano Carranza,48,50,9,13.2,18.1,86,985.8,0,0,21/08/2030,0.201388889
Localidad: Venustiano Carranza,60,53,8.7,13.2,18.3,85,985.9,0,0,22/08/2030,0.194444444
Localidad: Venustiano Carranza,53,52,8.6,11.8,18.4,85,985.9,0,0,23/08/2030,0.1875
Localidad: Venustiano Carranza,58,56,9.9,13.4,18.6,85,986,0,0,24/08/2030,0.180555556
Localidad: Venustiano Carranza,64,85,10.8,15.2,18.7,85,985.9,0,0,25/08/2030,0.173611111
Localidad: Venustiano Carranza,75,80,13,19.1,18.9,85,986.1,0,0,26/08/2030,0.166666667
Localidad: Venustiano Carranza,71,72,13.7,18.2,18.9,85,986,0,0,27/08/2030,0.159722222
Localidad: Venustiano Carranza,70,61,11.8,17.9,19,85,985.9,0,0,28/08/2030,0.152777778
Localidad: Venustiano Carranza,72,58,12.2,19.5,19.1,85,985.9,0,0,29/08/2030,0.145833333
Localidad: Venustiano Carranza,65,61,12.1,16.7,19.2,85,985.8,0,0,30/08/2030,0.138888889
Localidad: Venustiano Carranza,69,53,12.7,18.6,19.3,85,985.6,0,0,31/08/2030,0.131944444
Localidad: Venustiano Carranza,71,73,13.1,17.9,19.3,85,985.8,0,0,01/09/2030,0.125
Localidad: Venustiano Carranza,73,74,12.4,17.2,19.4,85,985.9,0,0,02/09/2030,0.118055556
Localidad: Venustiano Carranza,92,104,13.3,19.7,19.5,85,985.8,0,0,03/09/2030,0.111111111
Localidad: Venustiano Carranza,97,110,15.1,22.9,19.5,85,985.7,0,0,04/09/2030,0.104166667
Localidad: Venustiano Carranza,107,100,14,19.5,19.7,85,985.8,0,0,05/09/2030,0.097222222
Localidad: Venustiano Carranza,124,132,14,24.9,19.8,85,985.8,0,0,06/09/2030,0.090277778
Localidad: Venustiano Carranza,131,137,18.3,30.4,19.9,84,986.1,0,0,07/09/2030,0.083333333
Localidad: Venustiano Carranza,126,114,16.3,26.3,19.8,85,986.2,0,0,08/09/2030,0.076388889
Localidad: Venustiano Carranza,128,144,14.3,24.9,19.7,85,986.2,0,0,09/09/2030,0.069444444
Localidad: Venustiano Carranza,122,143,13.2,20.6,19.7,85,986.1,0,0,10/09/2030,0.0625
Localidad: Venustiano Carranza,112,136,15.7,27.3,19.7,85,986,0,0,11/09/2030,0.055555556
Localidad: Venustiano Carranza,108,128,17.2,29.3,19.6,85,985.6,0,0,12/09/2030,0.048611111
Localidad: Venustiano Carranza,111,106,17.9,29,19.7,85,985.8,0,0,13/09/2030,0.041666667
Localidad: Venustiano Carranza,112,96,18.5,27.4,19.7,85,986,0,0,14/09/2030,0.034722222
Localidad: Venustiano Carranza,113,116,17,26.1,19.7,85,986.1,0,0,15/09/2030,0.027777778
Localidad: Venustiano Carranza,117,97,13.7,19.2,19.6,85,986.4,0,0,16/09/2030,0.020833333
Localidad: Venustiano Carranza,118,111,14.2,22.4,19.6,85,986.4,0,0,17/09/2030,0.013888889
Localidad: Venustiano Carranza,108,97,15.8,23.5,19.6,85,986.1,0,0,18/09/2030,0.006944444
Localidad: Venustiano Carranza,108,125,15.8,23.8,19.6,85,986.2,0,0,19/09/2030,0
Localidad: Venustiano Carranza,121,114,15.6,22.7,19.7,85,986.3,0,0,20/09/2030,0.993055556
Localidad: Venustiano Carranza,116,122,13.1,22.5,19.7,85,986.4,0,0,21/09/2030,0.986111111
Localidad: Venustiano Carranza,102,103,15.3,23.6,19.7,85,986.2,0,0,22/09/2030,0.979166667
Localidad: Venustiano Carranza,108,99,14.5,22.4,19.8,85,986.2,0,0,23/09/2030,0.972222222
Localidad: Venustiano Carranza,106,118,18.3,25.4,19.8,85,986,0,0,24/09/2030,0.965277778
Localidad: Venustiano Carranza,123,125,14.6,23.8,20,85,986.6,0,0,25/09/2030,0.958333333
Localidad: Venustiano Carranza,129,133,12.7,21.3,20.3,84,987,0,0,26/09/2030,0.951388889
Localidad: Venustiano Carranza,125,135,12.9,19.4,20.5,83,986.9,0,0,27/09/2030,0.944444444
Localidad: Venustiano Carranza,127,127,12.7,18.7,20.6,83,987,0,0,28/09/2030,0.9375
Localidad: Venustiano Carranza,129,146,12.9,18.3,20.6,83,987.1,0,0,29/09/2030,0.930555556
Localidad: Venustiano Carranza,120,120,12.9,18.7,20.7,82,987.2,0,0,30/09/2030,0.923611111
Localidad: Venustiano Carranza,113,116,14.8,22.6,20.7,82,987.3,0,0,01/10/2030,0.916666667
Localidad: Venustiano Carranza,113,117,16.1,24.7,20.8,82,987.2,0,0,02/10/2030,0.909722222
Localidad: Venustiano Carranza,115,125,15.3,22.6,20.9,82,987.2,0,0,03/10/2030,0.902777778
Localidad: Venustiano Carranza,117,127,15.1,24,21,81,987.3,0,0,04/10/2030,0.895833333
Localidad: Venustiano Carranza,117,117,16.3,25.8,21.1,81,987.2,0,0,05/10/2030,0.888888889
Localidad: Venustiano Carranza,120,120,16.5,23.7,21.1,81,987,0,0,06/10/2030,0.881944444
Localidad: Venustiano Carranza,118,119,15.1,20.8,21.1,81,986.9,0,0,07/10/2030,0.875
Localidad: Venustiano Carranza,120,132,12.5,18.5,21.1,81,986.6,0,0,08/10/2030,0.868055556
Localidad: Venustiano Carranza,116,124,10.7,14.6,21.2,81,986.7,0,0,09/10/2030,0.861111111
Localidad: Venustiano Carranza,111,115,12.2,16.4,21.3,80,986.5,0,0,10/10/2030,0.854166667
Localidad: Venustiano Carranza,109,110,13.9,19.9,21.3,80,986.3,0,0,11/10/2030,0.847222222
Localidad: Venustiano Carranza,118,133,13.5,21.5,21.5,80,986.1,0,0,12/10/2030,0.840277778
Localidad: Venustiano Carranza,118,117,14,22.2,21.6,79,986.3,0,0,13/10/2030,0.833333333
Localidad: Venustiano Carranza,119,108,15.1,23.7,21.7,79,986,0,0,14/10/2030,0.826388889
Localidad: Venustiano Carranza,116,120,15.1,24,21.9,78,985.8,0,0,15/10/2030,0.819444444
Localidad: Venustiano Carranza,125,126,15.6,25.1,22.1,77,985.7,0,0,16/10/2030,0.8125
Localidad: Venustiano Carranza,118,120,16.7,22.8,22.2,77,985.8,0,0,17/10/2030,0.805555556
Localidad: Venustiano Carranza,109,113,15.3,25.8,22.3,77,985.6,0,0,18/10/2030,0.798611111
Localidad: Venustiano Carranza,105,104,11.5,17.3,22.3,78,985.7,0,1,19/10/2030,0.791666667
Localidad: Venustiano Carranza,101,114,13.9,21.9,22.4,78,985.5,0,8,20/10/2030,0.784722222
Localidad: Venustiano Carranza,105,108,15.5,22.8,22.7,77,985.2,0,28,21/10/2030,0.777777778
Localidad: Venustiano Carranza,111,110,14.2,22.4,22.6,77,985,0,37,22/10/2030,0.770833333
Localidad: Venustiano Carranza,106,92,17.6,29.9,22.7,77,985.1,0,27,23/10/2030,0.763888889
Localidad: Venustiano Carranza,112,118,16.1,25.1,22.6,78,984.8,0,22,24/10/2030,0.756944444
Localidad: Venustiano Carranza,107,107,13.9,20.3,22.6,78,984.9,0,11,25/10/2030,0.75
Localidad: Venustiano Carranza,103,118,18.2,28.3,22.6,78,984.8,0,24,26/10/2030,0.743055556
Localidad: Venustiano Carranza,107,106,20.4,32.4,22.7,78,984.8,0,24,27/10/2030,0.736111111
Localidad: Venustiano Carranza,104,92,20.3,31.2,22.7,79,984.6,0,56,28/10/2030,0.729166667
Localidad: Venustiano Carranza,110,120,19.3,31.9,22.9,78,984.6,0,101,29/10/2030,0.722222222
Localidad: Venustiano Carranza,119,126,21.4,34.6,22.9,79,984.4,0,69,30/10/2030,0.715277778
Localidad: Venustiano Carranza,118,131,20.2,31,22.8,79,984.5,0,159,31/10/2030,0.708333333
Localidad: Venustiano Carranza,109,102,18.6,26.9,22.9,80,984.6,0,153,01/11/2030,0.701388889
Localidad: Venustiano Carranza,109,96,20.9,29.9,22.7,81,984.8,0,239,02/11/2030,0.694444444
Localidad: Venustiano Carranza,111,104,21.8,29.7,22.7,81,984.8,0.2,222,03/11/2030,0.6875
Localidad: Venustiano Carranza,122,115,19.9,31,22.4,82,984.7,0,207,04/11/2030,0.680555556
Localidad: Venustiano Carranza,121,143,17,27.8,22.3,82,984.6,0,93,05/11/2030,0.673611111
Localidad: Venustiano Carranza,112,104,14.9,22.8,22.5,83,984.9,0,49,06/11/2030,0.666666667
Localidad: Venustiano Carranza,108,120,16.5,31.9,22.5,83,984.8,0,162,07/11/2030,0.659722222
Localidad: Venustiano Carranza,104,117,12.5,18.7,22.3,84,984.8,0,174,08/11/2030,0.652777778
Localidad: Venustiano Carranza,98,104,12.2,18,21.9,85,984.7,0,349,09/11/2030,0.645833333
Localidad: Venustiano Carranza,111,114,16,25.1,21.5,85,984.8,0,203,10/11/2030,0.638888889
Localidad: Venustiano Carranza,110,112,16.9,23.9,21.4,85,984.7,0,166,11/11/2030,0.631944444
Localidad: Venustiano Carranza,109,105,18.1,27.1,21.6,85,984.9,0.8,259,12/11/2030,0.625
Localidad: Venustiano Carranza,107,94,25.3,37.4,22.2,82,984.9,0,190,13/11/2030,0.618055556
Localidad: Venustiano Carranza,111,106,19.5,29.4,23.1,81,985,0,409,14/11/2030,0.611111111
Localidad: Venustiano Carranza,105,112,17.8,25.3,22.6,83,985.2,0,271,15/11/2030,0.604166667
Localidad: Venustiano Carranza,106,95,17.3,24.4,21.8,84,985.3,0,229,16/11/2030,0.597222222
Localidad: Venustiano Carranza,109,105,17.9,26.2,22.5,82,985.2,0,78,17/11/2030,0.590277778
Localidad: Venustiano Carranza,112,109,18.1,26.5,23.5,79,985.3,0,317,18/11/2030,0.583333333
Localidad: Venustiano Carranza,117,123,19.1,28.5,23.9,78,985.4,0,230,19/11/2030,0.576388889
Localidad: Venustiano Carranza,114,116,16.9,27.8,23.8,77,985.6,0,221,20/11/2030,0.569444444
Localidad: Venustiano Carranza,115,117,17.8,24.9,23.3,78,985.6,0,163,21/11/2030,0.5625
Localidad: Venustiano Carranza,117,108,18,30.1,23.3,78,985.7,0,137,22/11/2030,0.555555556
Localidad: Venustiano Carranza,127,132,16.8,26.2,23.4,78,985.5,0,120,23/11/2030,0.548611111
Localidad: Venustiano Carranza,127,120,18.8,30.1,23.8,77,985.7,0,151,24/11/2030,0.541666667
Localidad: Venustiano Carranza,122,120,17.8,28.1,23.8,76,985.8,0,290,25/11/2030,0.534722222
Localidad: Venustiano Carranza,121,133,18.8,28.5,23.6,77,985.8,0,332,26/11/2030,0.527777778
Localidad: Venustiano Carranza,135,131,21.4,32.6,23.3,78,986,0,215,27/11/2030,0.520833333
Localidad: Venustiano Carranza,133,137,22.4,33.5,24,76,986.1,0,238,28/11/2030,0.513888889
Localidad: Venustiano Carranza,126,124,21,32.8,23.9,77,985.9,0,324,29/11/2030,0.506944444
Localidad: Venustiano Carranza,124,119,20.9,31,23.7,77,986.2,0,379,30/11/2030,0.5
Localidad: Venustiano Carranza,128,136,19.5,34.9,23.6,78,986.3,0,480,01/12/2030,0.493055556
Localidad: Venustiano Carranza,131,125,21.9,35.7,23.1,79,986.4,0,356,02/12/2030,0.486111111
Localidad: Venustiano Carranza,121,137,19.5,31,22.5,81,986.3,0,148,03/12/2030,0.479166667
Localidad: Venustiano Carranza,130,136,17,27.5,22.5,81,986.9,0,273,04/12/2030,0.472222222
Localidad: Venustiano Carranza,122,121,19.1,30.6,22.5,81,986.8,0,271,05/12/2030,0.465277778
Localidad: Venustiano Carranza,123,110,15.5,31.9,22.1,82,987,0,333,06/12/2030,0.458333333
Localidad: Venustiano Carranza,127,114,16.4,26.2,21.4,84,987.1,0,299,07/12/2030,0.451388889
Localidad: Venustiano Carranza,124,131,18.6,28.3,21.1,84,987.2,0,102,08/12/2030,0.444444444
Localidad: Venustiano Carranza,125,116,17.8,31.7,21.1,84,987.1,0,110,09/12/2030,0.4375
Localidad: Venustiano Carranza,130,127,16.9,24.7,21.2,84,987,0,83,10/12/2030,0.430555556
Localidad: Venustiano Carranza,132,140,19.4,33.7,21,84,986.9,0,64,11/12/2030,0.423611111
Localidad: Venustiano Carranza,126,123,16.7,28.1,21,84,987,0,53,12/12/2030,0.416666667
Localidad: Venustiano Carranza,124,118,15.5,23.5,21,84,986.9,0,74,13/12/2030,0.409722222
Localidad: Venustiano Carranza,119,112,15.4,23.3,20.8,84,986.8,0,73,14/12/2030,0.402777778
Localidad: Venustiano Carranza,120,127,16.1,26.5,20.7,84,986.6,0,59,15/12/2030,0.395833333
Localidad: Venustiano Carranza,123,111,13.4,22.1,20.8,84,986.6,0,59,16/12/2030,0.388888889
Localidad: Venustiano Carranza,118,112,15.5,22.9,20.6,84,986.3,0,80,17/12/2030,0.381944444
Localidad: Venustiano Carranza,117,111,16.9,23.3,20.5,85,986.4,0,69,18/12/2030,0.375
Localidad: Venustiano Carranza,117,90,15,25.3,20.4,85,986.3,0,82,19/12/2030,0.368055556
Localidad: Venustiano Carranza,119,94,14.3,22.4,20.2,85,986.3,0,42,20/12/2030,0.361111111
Localidad: Venustiano Carranza,114,116,15.6,22.6,20.1,85,986.2,0,68,21/12/2030,0.354166667
Localidad: Venustiano Carranza,120,128,17.5,25.4,20.1,85,986.1,0,63,22/12/2030,0.347222222
Localidad: Venustiano Carranza,115,119,15.4,25.6,20,85,985.9,0,41,23/12/2030,0.340277778
Localidad: Venustiano Carranza,108,93,15.1,22.9,19.8,85,986,0,38,24/12/2030,0.333333333
Localidad: Venustiano Carranza,108,110,16.3,23.8,19.8,85,985.9,0,36,25/12/2030,0.326388889
Localidad: Venustiano Carranza,113,126,14.6,23.8,19.7,85,985.9,0,28,26/12/2030,0.319444444
Localidad: Venustiano Carranza,107,106,13.3,19,19.8,85,985.9,0,16,27/12/2030,0.3125
Localidad: Venustiano Carranza,108,110,16.5,23.9,19.7,85,985.8,0,13,28/12/2030,0.305555556
Localidad: Venustiano Carranza,110,120,15.3,24,19.7,85,985.6,0,19,29/12/2030,0.298611111
Localidad: Venustiano Carranza,108,117,15.4,24.9,19.8,85,985.5,0,9,30/12/2030,0.291666667
Localidad: Venustiano Carranza,108,111,14,19.5,19.7,85,985.4,0,8,31/12/2030,0.284722222
Localidad: Venustiano Carranza,109,106,13.8,18.6,19.7,85,985.5,0,4,01/01/2031,0.277777778
Localidad: Venustiano Carranza,113,114,14.1,20.4,19.7,85,985.5,0,2,02/01/2031,0.270833333
Localidad: Venustiano Carranza,113,128,13.5,23.6,19.7,85,985.5,0,0,03/01/2031,0.263888889
Localidad: Venustiano Carranza,106,122,13.3,22.5,19.8,85,985.3,0,0,04/01/2031,0.256944444
Localidad: Venustiano Carranza,113,126,11.2,16.2,19.9,85,985.4,0,0,05/01/2031,0.25
Localidad: Venustiano Carranza,109,95,11.1,16.9,20,85,985.3,0,0,06/01/2031,0.243055556
Localidad: Venustiano Carranza,109,115,11.5,16.9,20,85,985.3,0,0,07/01/2031,0.236111111
Localidad: Venustiano Carranza,107,116,10.3,14.8,19.9,85,985.4,0,0,08/01/2031,0.229166667
Localidad: Venustiano Carranza,105,99,10.3,16.2,19.9,85,985.4,0,0,09/01/2031,0.222222222
Localidad: Venustiano Carranza,104,116,11.6,16.7,19.9,85,985.2,0,0,10/01/2031,0.215277778
Localidad: Venustiano Carranza,101,109,11.5,18.1,19.9,85,985.3,0,0,11/01/2031,0.208333333
Localidad: Venustiano Carranza,106,111,13.1,19.9,19.9,85,985.2,0,0,12/01/2031,0.201388889
Localidad: Venustiano Carranza,110,84,14.2,20.6,20,84,985.2,0,0,13/01/2031,0.194444444
Localidad: Venustiano Carranza,109,120,15.1,21.7,20,84,985.2,0,0,14/01/2031,0.1875
Localidad: Venustiano Carranza,114,110,15.8,23.5,20,84,985.2,0,0,15/01/2031,0.180555556
Localidad: Venustiano Carranza,119,114,13.4,21.7,20,84,985.2,0,0,16/01/2031,0.173611111
Localidad: Venustiano Carranza,112,102,12.5,18.3,20,84,985.4,0,0,17/01/2031,0.166666667
Localidad: Venustiano Carranza,111,109,12.2,19.9,20,84,985.4,0,0,18/01/2031,0.159722222
Localidad: Venustiano Carranza,105,106,12.2,22.2,20,84,985.4,0,0,19/01/2031,0.152777778
Localidad: Venustiano Carranza,104,103,12.8,20.3,20,84,985.3,0,0,20/01/2031,0.145833333
Localidad: Venustiano Carranza,105,120,10.8,17.6,20,84,985.4,0,0,21/01/2031,0.138888889
Localidad: Venustiano Carranza,111,111,12.8,20.9,20.1,84,985.1,0,0,22/01/2031,0.131944444
Localidad: Venustiano Carranza,109,115,12.6,20.1,20.1,84,985.2,0,0,23/01/2031,0.125
Localidad: Venustiano Carranza,106,98,15.2,23.3,20.1,84,985.2,0,0,24/01/2031,0.118055556
Localidad: Venustiano Carranza,110,112,14.2,22.2,20.1,84,985.2,0,0,25/01/2031,0.111111111
Localidad: Venustiano Carranza,112,125,13.5,19.7,20.1,84,985.3,0,0,26/01/2031,0.104166667
Localidad: Venustiano Carranza,113,105,14.7,21.6,20.1,84,985.4,0,0,27/01/2031,0.097222222
Localidad: Venustiano Carranza,116,95,15.1,23.1,20.1,84,985.3,0,0,28/01/2031,0.090277778
Localidad: Venustiano Carranza,116,115,15.6,22.4,20.1,84,985.4,0,0,29/01/2031,0.083333333
Localidad: Venustiano Carranza,116,120,15.1,23.8,20.1,84,985.5,0,0,30/01/2031,0.076388889
Localidad: Venustiano Carranza,117,128,14.7,22.9,20.1,84,985.7,0,0,31/01/2031,0.069444444
Localidad: Venustiano Carranza,117,131,17,23.8,20.2,83,985.7,0,0,01/02/2031,0.0625
Localidad: Venustiano Carranza,118,115,14.8,22,20.1,83,985.8,0,0,02/02/2031,0.055555556
Localidad: Venustiano Carranza,115,117,14,21,20.2,83,985.6,0,0,03/02/2031,0.048611111
Localidad: Venustiano Carranza,116,105,17.1,24.2,20.2,83,985.8,0,0,04/02/2031,0.041666667
Localidad: Venustiano Carranza,113,127,15.3,23.3,20.2,83,985.8,0,0,05/02/2031,0.034722222
Localidad: Venustiano Carranza,113,106,15.5,24.7,20.2,83,985.9,0,0,06/02/2031,0.027777778
Localidad: Venustiano Carranza,110,103,15.8,24.7,20.2,83,986,0,0,07/02/2031,0.020833333
Localidad: Venustiano Carranza,110,113,17.5,24.7,20.1,83,985.9,0,0,08/02/2031,0.013888889
Localidad: Venustiano Carranza,111,114,16.7,24.2,20.1,83,985.8,0,0,09/02/2031,0.006944444
Localidad: Venustiano Carranza,116,114,17.2,28.1,20.2,83,986.2,0,0,10/02/2031,0
Localidad: Venustiano Carranza,116,133,16.6,24.2,20.2,83,986,0,0,11/02/2031,0.993055556
Localidad: Venustiano Carranza,114,113,15.8,24.2,20.3,82,986,0,0,12/02/2031,0.986111111
Localidad: Venustiano Carranza,108,118,16,24,20.2,82,986,0,0,13/02/2031,0.979166667
Localidad: Venustiano Carranza,112,111,17.2,24.9,20.3,82,985.9,0,0,14/02/2031,0.972222222
Localidad: Venustiano Carranza,113,107,17,26,20.4,82,985.8,0,0,15/02/2031,0.965277778
Localidad: Venustiano Carranza,111,98,17.7,26.3,20.4,82,986,0,0,16/02/2031,0.958333333
Localidad: Venustiano Carranza,115,114,18.3,29,20.5,81,986,0,0,17/02/2031,0.951388889
Localidad: Venustiano Carranza,113,115,18.7,28.3,20.5,81,986,0,0,18/02/2031,0.944444444
Localidad: Venustiano Carranza,110,127,19.7,31.3,20.5,81,986,0,0,19/02/2031,0.9375
Localidad: Venustiano Carranza,114,125,18.5,31.5,20.6,81,986,0,0,20/02/2031,0.930555556
Localidad: Venustiano Carranza,115,123,19.1,29.4,20.7,81,985.9,0,0,21/02/2031,0.923611111
Localidad: Venustiano Carranza,114,108,14.8,23.8,20.6,81,986.1,0,0,22/02/2031,0.916666667
Localidad: Venustiano Carranza,117,118,16.4,26.5,20.8,81,986.1,0,0,23/02/2031,0.909722222
Localidad: Venustiano Carranza,120,126,19.2,31.6,20.9,81,985.9,0,0,24/02/2031,0.902777778
Localidad: Venustiano Carranza,112,121,19.2,30.2,20.9,80,985.8,0,0,25/02/2031,0.895833333
Localidad: Venustiano Carranza,113,111,19.5,29,21,80,985.6,0,0,26/02/2031,0.888888889
Localidad: Venustiano Carranza,112,122,20.3,27.6,21.1,79,985.2,0,0,27/02/2031,0.881944444
Localidad: Venustiano Carranza,111,100,17.7,27.1,21.1,79,985.3,0,0,28/02/2031,0.875
Localidad: Venustiano Carranza,114,116,17.6,26.7,21.2,79,985.3,0,0,01/03/2031,0.868055556
Localidad: Venustiano Carranza,111,111,16.4,29.7,21.4,78,985,0,0,02/03/2031,0.861111111
Localidad: Venustiano Carranza,109,106,18.8,30.4,21.5,78,984.8,0,0,03/03/2031,0.854166667
Localidad: Venustiano Carranza,110,111,18.6,27.1,21.5,78,984.7,0,0,04/03/2031,0.847222222
Localidad: Venustiano Carranza,113,113,18.2,26.7,21.6,77,984.3,0,0,05/03/2031,0.840277778
Localidad: Venustiano Carranza,111,118,20.6,29.9,21.8,76,984.4,0,0,06/03/2031,0.833333333
Localidad: Venustiano Carranza,114,105,21,30.1,22,75,984.3,0,0,07/03/2031,0.826388889
Localidad: Venustiano Carranza,106,120,22.2,32.2,22.3,74,984.1,0,0,08/03/2031,0.819444444
Localidad: Venustiano Carranza,106,103,17.1,28.5,22.6,72,984.1,0,0,09/03/2031,0.8125
Localidad: Venustiano Carranza,104,109,17.4,23.5,22.8,71,983.9,0,0,10/03/2031,0.805555556
Localidad: Venustiano Carranza,106,102,18.4,25.8,22.9,70,983.7,0,0,11/03/2031,0.798611111
Localidad: Venustiano Carranza,106,119,20.1,31,23.2,70,983.9,0,3,12/03/2031,0.791666667
Localidad: Venustiano Carranza,103,115,21.4,36.3,23.3,69,983.8,0,13,13/03/2031,0.784722222
Localidad: Venustiano Carranza,100,102,20,27.1,23.4,68,983.7,0,22,14/03/2031,0.777777778
Localidad: Venustiano Carranza,106,108,21.9,32.4,23.7,67,983.7,0,42,15/03/2031,0.770833333
Localidad: Venustiano Carranza,104,97,19.5,31.5,24.1,66,983.7,0,50,16/03/2031,0.763888889
Localidad: Venustiano Carranza,98,98,20.5,32.2,24.1,66,983.5,0,75,17/03/2031,0.756944444
Localidad: Venustiano Carranza,105,76,16.7,34.4,24.5,65,983.6,0,149,18/03/2031,0.75
Localidad: Venustiano Carranza,106,103,18.7,29,24.5,64,983.6,0,116,19/03/2031,0.743055556
Localidad: Venustiano Carranza,106,88,19.7,34.4,24.9,63,983.4,0,139,20/03/2031,0.736111111
Localidad: Venustiano Carranza,112,114,19.3,30.1,24.8,63,983.5,0,170,21/03/2031,0.729166667
Localidad: Venustiano Carranza,107,113,20.2,31.9,25,62,983.4,0,123,22/03/2031,0.722222222
Localidad: Venustiano Carranza,98,89,21.5,33.7,25,62,983.2,0,226,23/03/2031,0.715277778
Localidad: Venustiano Carranza,101,108,19.7,32.8,24.8,63,983.3,0,220,24/03/2031,0.708333333
Localidad: Venustiano Carranza,107,101,21.8,34.2,24.8,62,983.2,0,200,25/03/2031,0.701388889
Localidad: Venustiano Carranza,116,111,19.5,30.4,25.2,60,983.4,0,163,26/03/2031,0.694444444
Localidad: Venustiano Carranza,116,100,19.5,31,25,60,983.4,0,174,27/03/2031,0.6875
Localidad: Venustiano Carranza,109,98,18.7,26.9,25,60,983.3,0,121,28/03/2031,0.680555556
Localidad: Venustiano Carranza,105,101,17.1,25.1,24.9,61,983.1,0,182,29/03/2031,0.673611111
Localidad: Venustiano Carranza,118,133,16.9,28.1,24.9,61,983.4,0,129,30/03/2031,0.666666667
Localidad: Venustiano Carranza,113,118,14.1,23.1,25.1,59,983.3,0,162,31/03/2031,0.659722222
Localidad: Venustiano Carranza,103,94,15.5,26,25,60,983.4,0,211,01/04/2031,0.652777778
Localidad: Venustiano Carranza,106,107,12,19.4,25.2,59,983.5,0,226,02/04/2031,0.645833333
Localidad: Venustiano Carranza,107,87,14.4,25.5,24.9,60,983.6,0,230,03/04/2031,0.638888889
Localidad: Venustiano Carranza,107,105,14.3,21.9,24.8,60,983.5,0,209,04/04/2031,0.631944444
Localidad: Venustiano Carranza,120,123,14.3,23.5,24.8,60,983.8,0,234,05/04/2031,0.625
Localidad: Venustiano Carranza,106,109,13.3,21.4,24.8,61,983.9,0,323,06/04/2031,0.618055556
Localidad: Venustiano Carranza,108,104,14.7,22.6,24.8,60,984.1,0,219,07/04/2031,0.611111111
Localidad: Venustiano Carranza,118,133,14,20.1,24.8,59,984.2,0,284,08/04/2031,0.604166667
Localidad: Venustiano Carranza,112,105,16.2,24.6,24.5,60,984.3,0,250,09/04/2031,0.597222222
Localidad: Venustiano Carranza,123,124,16.2,27.4,24.5,60,984.3,0,252,10/04/2031,0.590277778
Localidad: Venustiano Carranza,114,108,13.3,21.4,25,58,984.5,0,309,11/04/2031,0.583333333
Localidad: Venustiano Carranza,125,134,13.6,22.4,24.7,58,984.6,0,361,12/04/2031,0.576388889
Localidad: Venustiano Carranza,128,123,14.4,24.6,24.4,59,984.7,0,238,13/04/2031,0.569444444
Localidad: Venustiano Carranza,137,165,12.9,19.2,24.6,58,984.7,0,271,14/04/2031,0.5625
Localidad: Venustiano Carranza,117,99,14.2,22.8,24.9,58,984.9,0,298,15/04/2031,0.555555556
Localidad: Venustiano Carranza,117,105,17,27.6,24.4,59,984.8,0,412,16/04/2031,0.548611111
Localidad: Venustiano Carranza,119,93,13.7,21.9,24.7,59,985.1,0,420,17/04/2031,0.541666667
Localidad: Venustiano Carranza,98,112,15.4,23.1,24.5,61,985.2,0,256,18/04/2031,0.534722222
Localidad: Venustiano Carranza,115,117,14.5,25.5,25.2,60,985.3,0,1101,19/04/2031,0.527777778
Localidad: Venustiano Carranza,98,76,14.4,25,24.2,65,985.5,0,444,20/04/2031,0.520833333
Localidad: Venustiano Carranza,114,101,12,26.2,24,65,985.6,0,367,21/04/2031,0.513888889
Localidad: Venustiano Carranza,120,145,13.5,25.1,24,64,985.8,0,1094,22/04/2031,0.506944444
Localidad: Venustiano Carranza,121,144,13,23.5,24.3,64,986.2,0,782,23/04/2031,0.5
Localidad: Venustiano Carranza,119,129,15.3,22.1,23.6,66,986.3,0,571,24/04/2031,0.493055556
Localidad: Venustiano Carranza,117,120,13.7,21,23.4,68,986.3,0,690,25/04/2031,0.486111111
Localidad: Venustiano Carranza,123,114,11,17.3,22.8,68,986.5,0,347,26/04/2031,0.479166667
Localidad: Venustiano Carranza,133,134,12.3,20,22.6,70,986.5,0,386,27/04/2031,0.472222222
Localidad: Venustiano Carranza,123,134,11.3,20,22.1,71,986.4,0,339,28/04/2031,0.465277778
Localidad: Venustiano Carranza,131,120,11.1,18.9,21.9,71,986.7,0,284,29/04/2031,0.458333333
Localidad: Venustiano Carranza,109,115,11.6,17.7,21.8,73,986.7,0,267,30/04/2031,0.451388889
Localidad: Venustiano Carranza,127,133,12.3,19.6,21.6,74,986.7,0,305,01/05/2031,0.444444444
Localidad: Venustiano Carranza,109,100,12.3,17.5,21.8,74,986.8,0,422,02/05/2031,0.4375
Localidad: Venustiano Carranza,117,116,13.6,21.4,22,72,986.9,0,436,03/05/2031,0.430555556
Localidad: Venustiano Carranza,131,124,15.5,22.3,21.6,74,986.7,0,676,04/05/2031,0.423611111
Localidad: Venustiano Carranza,116,133,13.2,21.9,20.8,76,986.8,0,287,05/05/2031,0.416666667
Localidad: Venustiano Carranza,111,146,9.9,16.6,20.6,79,986.8,0,347,06/05/2031,0.409722222
Localidad: Venustiano Carranza,83,85,9.6,16.1,19.6,79,986.7,0,166,07/05/2031,0.402777778
Localidad: Venustiano Carranza,84,89,10.5,15.2,19.3,80,986.7,0,188,08/05/2031,0.395833333
Localidad: Venustiano Carranza,97,91,9,14.1,19.3,79,986.7,0,207,09/05/2031,0.388888889
Localidad: Venustiano Carranza,110,86,9,14.8,19,81,986.6,0,212,10/05/2031,0.381944444
Localidad: Venustiano Carranza,117,94,9.7,14.6,18.8,81,986.7,0,186,11/05/2031,0.375
Localidad: Venustiano Carranza,114,148,8.4,12.8,18.7,81,986.6,0,236,12/05/2031,0.368055556
Localidad: Venustiano Carranza,116,135,7.6,12.3,18.4,82,986.4,0,185,13/05/2031,0.361111111
Localidad: Venustiano Carranza,104,112,7.6,10.6,18.2,82,986.4,0,176,14/05/2031,0.354166667
Localidad: Venustiano Carranza,102,134,8,11.6,17.9,82,986.3,0,197,15/05/2031,0.347222222
Localidad: Venustiano Carranza,86,86,9.4,13.7,17.3,83,985.9,0,178,16/05/2031,0.340277778
Localidad: Venustiano Carranza,79,80,9.7,13.5,16.8,83,986.1,0,177,17/05/2031,0.333333333
Localidad: Venustiano Carranza,84,90,8.9,11.6,16.3,84,986.1,0,181,18/05/2031,0.326388889
Localidad: Venustiano Carranza,67,56,10.7,13.6,16.1,85,986,0,121,19/05/2031,0.319444444
Localidad: Venustiano Carranza,49,50,10.9,14.2,15.6,85,985.8,0,166,20/05/2031,0.3125
Localidad: Venustiano Carranza,51,59,8.1,11,14.8,86,985.8,0,67,21/05/2031,0.305555556
Localidad: Venustiano Carranza,48,45,8.4,13.1,14.6,86,985.5,0,38,22/05/2031,0.298611111
Localidad: Venustiano Carranza,43,45,9.7,13.5,14.6,86,985.5,0,31,23/05/2031,0.291666667
Localidad: Venustiano Carranza,47,48,9.2,13.3,14.7,86,985.3,0,30,24/05/2031,0.284722222
Localidad: Venustiano Carranza,56,55,10.2,14.9,14.8,86,985.1,0,14,25/05/2031,0.277777778
Localidad: Venustiano Carranza,59,60,12.1,15.4,14.9,86,985,0,7,26/05/2031,0.270833333
Localidad: Venustiano Carranza,63,60,10.2,13.8,15,86,984.9,0,1,27/05/2031,0.263888889
Localidad: Venustiano Carranza,39,30,9.3,13.1,14.7,85,984.8,0,0,28/05/2031,0.256944444
Localidad: Venustiano Carranza,54,48,10.3,14.4,14.9,85,984.9,0,0,29/05/2031,0.25
Localidad: Venustiano Carranza,39,38,11,14.2,14.8,85,984.8,0,0,30/05/2031,0.243055556
Localidad: Venustiano Carranza,58,62,11.2,14.4,14.9,85,984.7,0,0,31/05/2031,0.236111111
Localidad: Venustiano Carranza,76,65,12.3,16,15.3,84,984.6,0,0,01/06/2031,0.229166667
Localidad: Venustiano Carranza,77,82,9.9,15.1,15.4,84,984.6,0,0,02/06/2031,0.222222222
Localidad: Venustiano Carranza,64,85,6.7,13.5,15.1,85,984.5,0,0,03/06/2031,0.215277778
Localidad: Venustiano Carranza,50,35,5.9,7.9,14.6,85,984.6,0,0,04/06/2031,0.208333333
Localidad: Venustiano Carranza,67,74,5.9,7.2,14.5,85,984.6,0,0,05/06/2031,0.201388889
Localidad: Venustiano Carranza,85,88,7.4,10.4,14.6,85,984.4,0,0,06/06/2031,0.194444444
Localidad: Venustiano Carranza,76,73,10,11.5,14.7,84,984.4,0,0,07/06/2031,0.1875
Localidad: Venustiano Carranza,76,83,9.2,11.8,14.7,84,984.5,0,0,08/06/2031,0.180555556
Localidad: Venustiano Carranza,71,70,7.9,10.4,14.7,84,984.4,0,0,09/06/2031,0.173611111
Localidad: Venustiano Carranza,58,54,10.5,12.6,14.7,84,984.5,0,0,10/06/2031,0.166666667
Localidad: Venustiano Carranza,68,71,9.5,11.7,14.9,84,984.5,0,0,11/06/2031,0.159722222
Localidad: Venustiano Carranza,78,89,9.5,11.3,15,83,984.7,0,0,12/06/2031,0.152777778
Localidad: Venustiano Carranza,82,87,10.3,12.2,15,83,984.8,0,0,13/06/2031,0.145833333
Localidad: Venustiano Carranza,78,89,10.6,11.9,15.1,83,984.8,0,0,14/06/2031,0.138888889
Localidad: Venustiano Carranza,85,86,10.9,13.1,15.2,83,984.6,0,0,15/06/2031,0.131944444
Localidad: Venustiano Carranza,77,96,11.4,13.8,15.4,82,984.7,0,0,16/06/2031,0.125
Localidad: Venustiano Carranza,73,66,11,13.6,15.6,81,984.8,0,0,17/06/2031,0.118055556
Localidad: Venustiano Carranza,82,92,10.9,16.3,15.8,80,984.8,0,0,18/06/2031,0.111111111
Localidad: Venustiano Carranza,91,94,11.7,14.1,16.1,79,984.9,0,0,19/06/2031,0.104166667
Localidad: Venustiano Carranza,96,103,10,12.7,16.2,79,984.9,0,0,20/06/2031,0.097222222
Localidad: Venustiano Carranza,104,107,10.3,14.5,16.2,78,984.9,0,0,21/06/2031,0.090277778
Localidad: Venustiano Carranza,109,111,10.7,15.5,16.3,78,985.1,0,0,22/06/2031,0.083333333
Localidad: Venustiano Carranza,115,131,12.6,18.5,16.5,77,985.1,0,0,23/06/2031,0.076388889
Localidad: Venustiano Carranza,116,103,14.2,20.1,16.7,76,985.1,0,0,24/06/2031,0.069444444
Localidad: Venustiano Carranza,114,121,14,23.4,16.7,76,985.2,0,0,25/06/2031,0.0625
Localidad: Venustiano Carranza,114,118,15,21.2,16.8,75,985.2,0,0,26/06/2031,0.055555556
Localidad: Venustiano Carranza,114,114,14.6,23.3,16.8,74,985.1,0,0,27/06/2031,0.048611111
Localidad: Venustiano Carranza,118,117,12.5,20.5,16.5,74,985.4,0,0,28/06/2031,0.041666667
Localidad: Venustiano Carranza,115,116,13.4,21.2,16.5,73,985.3,0,0,29/06/2031,0.034722222
Localidad: Venustiano Carranza,115,119,13.3,19.1,16.5,72,985.3,0,0,30/06/2031,0.027777778
Localidad: Venustiano Carranza,111,111,13.3,18.4,16.2,72,985.3,0,0,01/07/2031,0.020833333
Localidad: Venustiano Carranza,100,92,14.1,18.4,16.2,71,985.4,0,0,02/07/2031,0.013888889
Localidad: Venustiano Carranza,110,94,13,17.4,16.4,70,985.2,0,0,03/07/2031,0.006944444
Localidad: Venustiano Carranza,105,98,13.5,17.8,16.5,69,985.2,0,0,04/07/2031,0
Localidad: Venustiano Carranza,110,109,11.3,13.7,16.7,68,985.2,0,0,05/07/2031,0.993055556
Localidad: Venustiano Carranza,108,111,11.1,13.3,16.8,67,985.2,0,0,06/07/2031,0.986111111
Localidad: Venustiano Carranza,109,105,10.4,12.9,17.1,65,985.2,0,0,07/07/2031,0.979166667
Localidad: Venustiano Carranza,115,113,10.5,12.8,17.1,66,985.1,0,0,08/07/2031,0.972222222
Localidad: Venustiano Carranza,111,110,11.2,12.6,17.5,63,985,0,0,09/07/2031,0.965277778
Localidad: Venustiano Carranza,109,110,10.9,13.7,17.7,62,985.3,0,0,10/07/2031,0.958333333
Localidad: Venustiano Carranza,107,107,10.9,15,17.8,61,985.2,0,0,11/07/2031,0.951388889
Localidad: Venustiano Carranza,106,106,12.6,16.8,17.9,61,985,0,0,12/07/2031,0.944444444
Localidad: Venustiano Carranza,104,104,12.6,16.3,18.2,59,985,0,0,13/07/2031,0.9375
Localidad: Venustiano Carranza,123,131,13.1,17.9,18.9,56,985,0,0,14/07/2031,0.930555556
Localidad: Venustiano Carranza,125,128,13.4,18.4,19,56,984.9,0,0,15/07/2031,0.923611111
Localidad: Venustiano Carranza,132,132,13.1,20,18.8,56,984.9,0,0,16/07/2031,0.916666667
Localidad: Venustiano Carranza,134,134,12.9,17.3,18.6,57,984.9,0,0,17/07/2031,0.909722222
Localidad: Venustiano Carranza,132,127,13.3,17,18.5,57,984.8,0,0,18/07/2031,0.902777778
Localidad: Venustiano Carranza,132,132,12.4,16.6,18.5,57,984.9,0,0,19/07/2031,0.895833333
Localidad: Venustiano Carranza,124,115,11.7,15.8,18.5,57,984.8,0,0,20/07/2031,0.888888889
Localidad: Venustiano Carranza,116,120,11.2,14.7,18.9,55,984.6,0,0,21/07/2031,0.881944444
Localidad: Venustiano Carranza,114,121,9.5,11.7,18.9,55,984.7,0,0,22/07/2031,0.875
Localidad: Venustiano Carranza,103,95,10.4,13.9,19.2,54,984.6,0,0,23/07/2031,0.868055556
Localidad: Venustiano Carranza,99,108,12.8,17.1,19.6,52,984.4,0,0,24/07/2031,0.861111111
Localidad: Venustiano Carranza,96,94,13.4,17.6,19.6,52,984.3,0,0,25/07/2031,0.854166667
Localidad: Venustiano Carranza,93,94,13,17.1,19.7,51,984.1,0,0,26/07/2031,0.847222222
Localidad: Venustiano Carranza,88,94,13.2,17.1,19.8,50,984,0,0,27/07/2031,0.840277778
Localidad: Venustiano Carranza,95,96,13.3,17.6,20,49,983.8,0,0,28/07/2031,0.833333333
Localidad: Venustiano Carranza,96,93,14,18.7,20.2,48,983.7,0,0,29/07/2031,0.826388889
Localidad: Venustiano Carranza,99,97,13.6,20.1,20.4,46,983.5,0,0,30/07/2031,0.819444444
Localidad: Venustiano Carranza,99,90,14.1,19,20.7,45,983.5,0,0,31/07/2031,0.8125
Localidad: Venustiano Carranza,98,101,15.2,21,21,44,983.4,0,0,01/08/2031,0.805555556
Localidad: Venustiano Carranza,101,106,16.6,23.9,21.3,42,983.1,0,0,02/08/2031,0.798611111
Localidad: Venustiano Carranza,97,107,17,24.5,21.6,41,983.1,0,3,03/08/2031,0.791666667
Localidad: Venustiano Carranza,100,101,15.8,22.4,21.8,41,983.1,0,14,04/08/2031,0.784722222
Localidad: Venustiano Carranza,104,111,17.7,30.1,22.1,39,983.1,0,17,05/08/2031,0.777777778
Localidad: Venustiano Carranza,106,110,19.7,30.1,22.5,37,983,0,37,06/08/2031,0.770833333
Localidad: Venustiano Carranza,105,106,21.5,31,22.7,38,982.9,0,71,07/08/2031,0.763888889
Localidad: Venustiano Carranza,99,107,22.1,31.7,22.9,37,982.7,0,113,08/08/2031,0.756944444
Localidad: Venustiano Carranza,100,95,23.9,34.2,22.8,37,982.9,0,86,09/08/2031,0.75
Localidad: Venustiano Carranza,101,98,20.9,33.7,23.3,36,983,0,129,10/08/2031,0.743055556
Localidad: Venustiano Carranza,100,112,22.5,33.5,23.5,35,983,0,209,11/08/2031,0.736111111
Localidad: Venustiano Carranza,100,90,21.5,34.2,23.9,34,982.8,0,286,12/08/2031,0.729166667
Localidad: Venustiano Carranza,97,100,23.1,34.4,24.1,34,982.7,0,345,13/08/2031,0.722222222
Localidad: Venustiano Carranza,96,108,21.7,35.1,24.3,33,982.6,0,415,14/08/2031,0.715277778
Localidad: Venustiano Carranza,94,91,24,35.6,24.3,33,982.6,0,428,15/08/2031,0.708333333
Localidad: Venustiano Carranza,98,104,21.6,33.3,24.1,33,982.8,0,444,16/08/2031,0.701388889
Localidad: Venustiano Carranza,103,94,20.7,30.1,23.7,35,982.7,0,468,17/08/2031,0.694444444
Localidad: Venustiano Carranza,112,133,19.9,29.2,23.8,36,982.8,0,445,18/08/2031,0.6875
Localidad: Venustiano Carranza,110,109,19.4,31.9,24.4,35,982.9,0,212,19/08/2031,0.680555556
Localidad: Venustiano Carranza,111,128,19.5,28.8,23.6,34,982.7,0,272,20/08/2031,0.673611111
Localidad: Venustiano Carranza,98,112,19,27.6,23.6,36,982.8,0,418,21/08/2031,0.666666667
Localidad: Venustiano Carranza,97,111,18.1,26.9,23.6,36,983,0,242,22/08/2031,0.659722222
Localidad: Venustiano Carranza,94,95,19.5,30.4,23.2,36,983.1,0,586,23/08/2031,0.652777778
Localidad: Venustiano Carranza,119,134,18.8,27.8,23.3,37,983.2,0,422,24/08/2031,0.645833333
Localidad: Venustiano Carranza,115,98,19.1,29.5,23.4,39,983.4,0,525,25/08/2031,0.638888889
Localidad: Venustiano Carranza,121,99,17.5,24.9,23.7,38,983.4,0,414,26/08/2031,0.631944444
Localidad: Venustiano Carranza,110,100,19,31.5,23.4,39,983.7,0,492,27/08/2031,0.625
Localidad: Venustiano Carranza,125,137,17.7,27.8,23.3,41,983.8,0,406,28/08/2031,0.618055556
Localidad: Venustiano Carranza,125,106,17.3,28.3,23.4,39,983.8,0,434,29/08/2031,0.611111111
Localidad: Venustiano Carranza,122,114,16,28.8,23.5,39,984,0,480,30/08/2031,0.604166667
Localidad: Venustiano Carranza,117,140,16.9,26,23.3,40,984.2,0,510,31/08/2031,0.597222222
Localidad: Venustiano Carranza,110,114,16.1,25.3,24.3,38,984.1,0,747,01/09/2031,0.590277778
Localidad: Venustiano Carranza,131,130,16.5,25.3,23.5,42,984.4,0,964,02/09/2031,0.583333333
Localidad: Venustiano Carranza,125,127,18.2,29.7,23.3,43,984.6,0,863,03/09/2031,0.576388889
Localidad: Venustiano Carranza,121,121,17.5,29.9,23.5,40,984.7,0,859,04/09/2031,0.569444444
Localidad: Venustiano Carranza,136,133,18.8,32.6,23.1,42,985,0,879,05/09/2031,0.5625
Localidad: Venustiano Carranza,127,142,18.3,31.9,22.4,46,985.2,0,828,06/09/2031,0.555555556
Localidad: Venustiano Carranza,138,131,18,33.5,22.6,45,985.2,0,456,07/09/2031,0.548611111
Localidad: Venustiano Carranza,131,128,17.6,28.5,22.5,45,985.5,0,879,08/09/2031,0.541666667
Localidad: Venustiano Carranza,135,131,19.3,30.8,22.5,44,985.8,0,899,09/09/2031,0.534722222
Localidad: Venustiano Carranza,127,114,17.4,27.6,22.8,45,985.8,0,928,10/09/2031,0.527777778
Localidad: Venustiano Carranza,114,114,19.6,27.8,21.8,47,986.1,0,932,11/09/2031,0.520833333
Localidad: Venustiano Carranza,134,123,17.9,28.9,22.7,44,986.3,0,1060,12/09/2031,0.513888889
Localidad: Venustiano Carranza,117,127,20.9,33.5,19.5,55,987.4,0,937,13/09/2031,0.465277778
Localidad: Venustiano Carranza,115,117,19.3,31.7,19.1,56,987.9,0,316,14/09/2031,0.458333333
Localidad: Venustiano Carranza,126,120,20.5,29.4,19.1,55,988.1,0,351,15/09/2031,0.451388889
Localidad: Venustiano Carranza,115,114,22.1,31,18.8,58,988.1,0,290,16/09/2031,0.444444444
Localidad: Venustiano Carranza,119,126,21.2,30.3,18.7,58,988,0,252,17/09/2031,0.4375
Localidad: Venustiano Carranza,114,130,22.7,30.5,18.8,56,988.1,0,278,18/09/2031,0.430555556
Localidad: Venustiano Carranza,119,133,17.8,26.4,20,55,988,0,460,19/09/2031,0.423611111
Localidad: Venustiano Carranza,119,115,18.9,27.6,19.5,57,988.2,0,627,20/09/2031,0.416666667
Localidad: Venustiano Carranza,117,116,15.5,24.8,18.8,60,988,0,251,21/09/2031,0.409722222
Localidad: Venustiano Carranza,121,120,19.5,33,17.7,59,987.6,0,268,22/09/2031,0.402777778
Localidad: Venustiano Carranza,115,127,15.2,21.9,17.8,62,987.7,0,204,23/09/2031,0.395833333
Localidad: Venustiano Carranza,120,121,18.2,26.7,17.3,62,987.8,0,284,24/09/2031,0.388888889
Localidad: Venustiano Carranza,116,120,16.9,26,16.9,65,987.4,0,164,25/09/2031,0.381944444
Localidad: Venustiano Carranza,114,122,16.9,24.2,16.7,68,987.5,0,163,26/09/2031,0.375
,,,,,,,,,,27/09/2031,0
,,,,,,,,,,28/09/2031,0
,Dirección del Viento,Dirección de ráfaga (grados),Rapidez de viento (km/h),Rapidez de ráfaga (km/h),Temperatura del Aire (°C),Humedad relativa (%),Presión Atmosférica (hpa),Precipitación (mm),Radiación Solar (W/m²),29/09/2031,#¡VALOR!
Localidad: Villagran,161,173,12.7,23,21.3,100,967.5,0,17,30/09/2031,0.340277778
Localidad: Villagran,157,154,13.2,25.9,21.3,100,967.5,0,35,01/10/2031,0.333333333
Localidad: Villagran,153,161,13,26.6,21.3,100,967.4,0,35,02/10/2031,0.326388889
Localidad: Villagran,151,149,13.4,24.5,21.2,100,967.3,0,44,03/10/2031,0.319444444
Localidad: Villagran,148,164,11.7,21.2,21.1,100,967.2,0,26,04/10/2031,0.3125
Localidad: Villagran,144,122,13.4,27,21.1,100,967.2,0,17,05/10/2031,0.305555556
Localidad: Villagran,141,150,15.3,26.3,21,100,967.1,0,0,06/10/2031,0.298611111
Localidad: Villagran,141,129,13.9,22.3,20.9,100,967,0,0,07/10/2031,0.291666667
Localidad: Villagran,128,106,16.3,27.7,20.9,100,966.9,0,0,08/10/2031,0.284722222
Localidad: Villagran,142,153,13.2,29.9,20.9,100,966.8,0,0,09/10/2031,0.277777778
Localidad: Villagran,137,149,13.1,25.2,20.9,100,966.7,0,0,10/10/2031,0.270833333
Localidad: Villagran,127,110,12.6,24.8,20.9,100,966.6,0,0,11/10/2031,0.263888889
Localidad: Villagran,133,121,13,23.4,20.9,100,966.5,0,0,12/10/2031,0.256944444
Localidad: Villagran,138,149,13.6,24.8,20.9,100,966.5,0,0,13/10/2031,0.25
Localidad: Villagran,145,136,12.6,20.5,20.9,100,966.5,0,0,14/10/2031,0.243055556
Localidad: Villagran,136,149,12.9,22,20.9,100,966.5,0,0,15/10/2031,0.236111111
Localidad: Villagran,125,123,14.9,28.1,20.9,100,966.5,0,0,16/10/2031,0.229166667
Localidad: Villagran,136,148,15.1,26.6,20.8,100,966.4,0,0,17/10/2031,0.222222222
Localidad: Villagran,140,121,12.4,24.5,20.8,100,966.4,0,0,18/10/2031,0.215277778
Localidad: Villagran,150,131,10.7,22.7,20.9,100,966.5,0,0,19/10/2031,0.208333333
Localidad: Villagran,144,156,9.7,18.7,20.9,100,966.4,0,0,20/10/2031,0.201388889
Localidad: Villagran,143,127,11.9,26.6,20.9,100,966.5,0,0,21/10/2031,0.194444444
Localidad: Villagran,141,133,10.2,20.2,21,100,966.6,0,0,22/10/2031,0.1875
Localidad: Villagran,141,136,10.3,20.5,20.9,100,966.4,0,0,23/10/2031,0.180555556
Localidad: Villagran,137,135,9.6,20.9,21,100,966.4,0,0,24/10/2031,0.173611111
Localidad: Villagran,129,141,11.7,21.2,21.1,100,966.4,0,0,25/10/2031,0.166666667
Localidad: Villagran,142,133,9.4,17.6,21.1,100,966.5,0,0,26/10/2031,0.159722222
Localidad: Villagran,132,123,10.3,18,21.1,100,966.5,0,0,27/10/2031,0.152777778
Localidad: Villagran,136,138,9.9,18.4,21.2,100,966.5,0,0,28/10/2031,0.145833333
Localidad: Villagran,145,150,10,20.2,21.2,100,966.6,0,0,29/10/2031,0.138888889
Localidad: Villagran,148,167,13.1,24.1,21.3,100,966.6,0,0,30/10/2031,0.131944444
Localidad: Villagran,147,143,12,23,21.3,100,966.8,0,0,31/10/2031,0.125
Localidad: Villagran,144,166,10,20.9,21.4,100,966.8,0,0,01/11/2031,0.118055556
Localidad: Villagran,147,126,9.1,20.2,21.4,100,966.9,0,0,02/11/2031,0.111111111
Localidad: Villagran,149,165,10.5,19.8,21.4,100,967,0,0,03/11/2031,0.104166667
Localidad: Villagran,143,142,8.3,16.2,21.5,100,967.2,0,0,04/11/2031,0.097222222
Localidad: Villagran,149,148,9.5,20.2,21.5,100,967.3,0,0,05/11/2031,0.090277778
Localidad: Villagran,148,169,9.3,20.9,21.5,100,967.4,0,0,06/11/2031,0.083333333
Localidad: Villagran,151,154,9.4,18,21.6,100,967.5,0,0,07/11/2031,0.076388889
Localidad: Villagran,152,123,12.2,22.7,21.6,100,967.6,0,0,08/11/2031,0.069444444
Localidad: Villagran,152,148,9.3,17.3,21.6,100,967.8,0,0,09/11/2031,0.0625
Localidad: Villagran,156,172,10.5,18.4,21.7,100,967.9,0,0,10/11/2031,0.055555556
Localidad: Villagran,146,154,11.2,21.6,21.8,100,967.9,0,0,11/11/2031,0.048611111
Localidad: Villagran,146,145,12.3,23.4,21.9,100,967.9,0,0,12/11/2031,0.041666667
Localidad: Villagran,148,132,11.2,22,22,100,968,0,0,13/11/2031,0.034722222
Localidad: Villagran,149,162,8.6,15.8,22.1,100,968.1,0,0,14/11/2031,0.027777778
Localidad: Villagran,133,129,11.7,21.2,22.2,100,968.2,0,0,15/11/2031,0.020833333
Localidad: Villagran,137,122,11.7,22.7,22.3,98,968.2,0,0,16/11/2031,0.013888889
Localidad: Villagran,144,143,11.6,24.5,22.5,98,968.2,0,0,17/11/2031,0.006944444
Localidad: Villagran,146,135,11.5,19.8,22.5,97,968.3,0,0,18/11/2031,0
Localidad: Villagran,150,137,9.7,16.9,22.6,97,968.2,0,0,19/11/2031,0.993055556
Localidad: Villagran,142,140,10.1,18.7,22.6,96,968.3,0,0,20/11/2031,0.986111111
Localidad: Villagran,145,132,10.7,19.1,22.8,95,968.4,0,0,21/11/2031,0.979166667
Localidad: Villagran,131,139,9.2,15.8,22.8,95,968.3,0,0,22/11/2031,0.972222222
Localidad: Villagran,140,119,9.3,15.8,23.1,93,968.3,0,0,23/11/2031,0.965277778
Localidad: Villagran,148,149,8.1,14.4,23.1,92,968.3,0,0,24/11/2031,0.958333333
Localidad: Villagran,158,147,6.3,13,23.2,91,968.3,0,0,25/11/2031,0.951388889
Localidad: Villagran,159,207,7.1,15.8,23.5,89,968.3,0,0,26/11/2031,0.944444444
Localidad: Villagran,168,167,7.7,16.6,23.6,89,968.2,0,0,27/11/2031,0.9375
Localidad: Villagran,171,180,8.9,18.7,24,86,968.2,0,0,28/11/2031,0.930555556
Localidad: Villagran,177,174,7.8,13.7,24.1,86,968.2,0,0,29/11/2031,0.923611111
Localidad: Villagran,161,177,8.4,16.2,24.3,85,968,0,0,30/11/2031,0.916666667
Localidad: Villagran,158,181,9.2,19.4,24.6,84,967.9,0,0,01/12/2031,0.909722222
Localidad: Villagran,155,144,9.6,19.1,25,81,967.9,0,0,02/12/2031,0.902777778
Localidad: Villagran,152,163,8.6,22.3,25,82,967.8,0,0,03/12/2031,0.895833333
Localidad: Villagran,138,96,9.4,24.8,25.3,81,967.7,0,0,04/12/2031,0.888888889
Localidad: Villagran,128,124,11.5,22.3,25.6,80,967.5,0,0,05/12/2031,0.881944444
Localidad: Villagran,121,119,12.5,22.3,25.8,79,967.4,0,0,06/12/2031,0.875
Localidad: Villagran,118,119,12.7,24.1,26,80,967.3,0,0,07/12/2031,0.868055556
Localidad: Villagran,124,134,10.7,20.2,26.3,79,967.2,0,0,08/12/2031,0.861111111
Localidad: Villagran,125,145,11.1,20.9,26.4,78,967.1,0,0,09/12/2031,0.854166667
Localidad: Villagran,120,118,11.6,20.2,26.7,77,967,0,0,10/12/2031,0.847222222
Localidad: Villagran,121,132,14.1,25.6,26.9,76,966.9,0,0,11/12/2031,0.840277778
Localidad: Villagran,117,112,14.7,28.8,27.3,74,966.7,0,0,12/12/2031,0.833333333
Localidad: Villagran,117,122,15.3,30.6,27.4,74,966.6,0,0,13/12/2031,0.826388889
Localidad: Villagran,117,136,14.1,27.4,27.6,72,966.5,0,0,14/12/2031,0.819444444
Localidad: Villagran,116,132,18.6,33.1,27.9,70,966.4,0,0,15/12/2031,0.8125
Localidad: Villagran,121,126,15.7,29.5,28.3,67,966.3,0,0,16/12/2031,0.805555556
Localidad: Villagran,124,120,13.3,27,28.7,61,966.1,0,0,17/12/2031,0.798611111
Localidad: Villagran,134,143,10.4,18.4,28.7,53,966.1,0,0,18/12/2031,0.791666667
Localidad: Villagran,144,133,10.7,20.2,29.1,51,966,0,0,19/12/2031,0.784722222
Localidad: Villagran,142,143,11.2,21.2,29.5,48,965.9,0,0,20/12/2031,0.777777778
Localidad: Villagran,146,170,10.1,18,29.8,47,965.8,0,0,21/12/2031,0.770833333
Localidad: Villagran,143,148,12.6,23.4,30.1,45,965.7,0,26,22/12/2031,0.763888889
Localidad: Villagran,132,134,12.6,24.1,30.3,44,965.6,0,17,23/12/2031,0.756944444
Localidad: Villagran,131,155,16.2,27.4,30.7,42,965.5,0,26,24/12/2031,0.75
Localidad: Villagran,127,124,17.2,34.6,30.9,42,965.4,0,149,25/12/2031,0.743055556
Localidad: Villagran,134,150,16,28.4,31.1,42,965.4,0,105,26/12/2031,0.736111111
Localidad: Villagran,144,139,14.8,27.4,31.5,41,965.4,0,227,27/12/2031,0.729166667
Localidad: Villagran,129,117,11.8,23.4,31.4,40,965.4,0,254,28/12/2031,0.722222222
Localidad: Villagran,125,106,18.9,30.2,31.1,42,965.4,0,114,29/12/2031,0.715277778
Localidad: Villagran,123,121,14.9,26.6,31.6,41,965.5,0,114,30/12/2031,0.708333333
Localidad: Villagran,118,134,18,32.4,31.7,42,965.5,0,114,31/12/2031,0.701388889
Localidad: Villagran,132,125,15.8,31.3,32.4,41,965.5,0,481,01/01/2032,0.694444444
Localidad: Villagran,122,136,16.1,31,32,41,965.6,0,525,02/01/2032,0.6875
Localidad: Villagran,131,125,18.6,33.8,31.7,42,965.7,0,586,03/01/2032,0.680555556
Localidad: Villagran,135,118,17.1,35.6,33,41,965.6,0,621,04/01/2032,0.673611111
Localidad: Villagran,127,147,18.3,42.8,32.1,42,965.6,0,359,05/01/2032,0.666666667
Localidad: Villagran,115,136,17.5,36,31.4,44,965.7,0,516,06/01/2032,0.659722222
Localidad: Villagran,151,147,14.8,29.2,33.1,41,965.9,0,761,07/01/2032,0.652777778
Localidad: Villagran,140,113,17.2,32,31.8,44,966,0,840,08/01/2032,0.645833333
Localidad: Villagran,135,150,15.4,29.2,32.1,44,966.1,0,332,09/01/2032,0.638888889
Localidad: Villagran,140,133,16,30.6,32.6,44,966.2,0,560,10/01/2032,0.631944444
Localidad: Villagran,136,134,12.9,30.6,31.7,46,966.3,0,840,11/01/2032,0.625
Localidad: Villagran,135,86,13.8,29.9,31.9,48,966.5,0,682,12/01/2032,0.618055556
Localidad: Villagran,140,161,16.9,33.5,30.7,51,966.6,0,184,13/01/2032,0.611111111
Localidad: Villagran,123,115,15.5,30.2,31.8,48,966.7,0,297,14/01/2032,0.604166667
Localidad: Villagran,120,135,13.9,27.7,31.7,50,966.8,0,673,15/01/2032,0.597222222
Localidad: Villagran,125,117,14.3,24.5,31.2,50,966.9,0,297,16/01/2032,0.590277778
Localidad: Villagran,112,125,18.1,29.9,30.8,52,967.1,0,411,17/01/2032,0.583333333
Localidad: Villagran,141,122,16.9,29.9,30.8,53,967.2,0,341,18/01/2032,0.576388889
Localidad: Villagran,159,167,15,27.7,31.5,51,967.3,0,1023,19/01/2032,0.569444444
Localidad: Villagran,175,205,18,32.4,32.1,49,967.5,0,1032,20/01/2032,0.5625
Localidad: Villagran,132,134,15.3,34.9,31.1,52,967.7,0,979,21/01/2032,0.555555556
Localidad: Villagran,158,203,12.9,25.6,30.7,52,967.8,0,971,22/01/2032,0.548611111
Localidad: Villagran,142,153,14.4,29.9,30.3,54,967.9,0,979,23/01/2032,0.541666667
Localidad: Villagran,143,142,18.5,30.2,29.7,57,968.1,0,997,24/01/2032,0.534722222
Localidad: Villagran,148,133,15,34.9,29.9,54,968.2,0,988,25/01/2032,0.527777778
Localidad: Villagran,125,109,15.7,29.5,29.8,55,968.3,0,979,26/01/2032,0.520833333
Localidad: Villagran,121,128,15.6,31.3,29.2,59,968.4,0,979,27/01/2032,0.513888889
Localidad: Villagran,137,118,14.3,34.2,29.1,58,968.6,0,971,28/01/2032,0.506944444
Localidad: Villagran,143,119,14.6,29.2,28.6,62,968.7,0,971,29/01/2032,0.5
Localidad: Villagran,128,149,14.1,26.3,28,62,968.9,0,962,30/01/2032,0.493055556
Localidad: Villagran,145,188,11.2,28.1,28.3,63,969,0,953,31/01/2032,0.486111111
Localidad: Villagran,143,119,14.6,29.5,27.4,66,969.1,0,927,01/02/2032,0.479166667
Localidad: Villagran,151,172,17.3,31,27.4,67,969.1,0,910,02/02/2032,0.472222222
Localidad: Villagran,149,149,12.7,23.8,27.6,66,969.3,0,901,03/02/2032,0.465277778
Localidad: Villagran,135,92,14.7,29.9,26.8,69,969.4,0,883,04/02/2032,0.458333333
Localidad: Villagran,148,156,14.5,26.3,25.9,73,969.6,0,866,05/02/2032,0.451388889
Localidad: Villagran,139,130,16.6,28.1,25.9,74,969.6,0,848,06/02/2032,0.444444444
Localidad: Villagran,151,125,14.2,25.9,26.1,72,969.6,0,848,07/02/2032,0.4375
Localidad: Villagran,154,145,15,27.7,25.7,76,969.7,0,787,08/02/2032,0.430555556
Localidad: Villagran,151,139,15.6,26.6,25.2,76,969.7,0,805,09/02/2032,0.423611111
Localidad: Villagran,141,126,15,26.6,25.2,81,969.7,0,778,10/02/2032,0.416666667
Localidad: Villagran,142,156,16.5,28.8,24.5,83,969.7,0,848,11/02/2032,0.409722222
Localidad: Villagran,140,121,16.5,27.7,24,88,969.7,0,761,12/02/2032,0.402777778
Localidad: Villagran,130,115,15.1,25.2,23.4,92,969.6,0,332,13/02/2032,0.395833333
Localidad: Villagran,139,151,12.7,23,22.9,93,969.5,0,254,14/02/2032,0.388888889
Localidad: Villagran,140,136,12.2,21.2,23.4,93,969.6,0,560,15/02/2032,0.381944444
Localidad: Villagran,143,154,12.6,19.8,22.6,95,969.6,0,498,16/02/2032,0.375
Localidad: Villagran,142,124,13.1,23.8,21.9,100,969.5,0,577,17/02/2032,0.368055556
Localidad: Villagran,135,128,14.1,22.7,21.9,98,969.6,0,280,18/02/2032,0.361111111
Localidad: Villagran,141,143,13.8,27.4,21.9,97,969.5,0,472,19/02/2032,0.354166667
Localidad: Villagran,147,138,16.3,27.7,21.4,100,969.5,0,394,20/02/2032,0.347222222
Localidad: Villagran,149,135,13.1,24.5,21,100,969.4,0,289,21/02/2032,0.340277778
Localidad: Villagran,127,129,11.3,19.4,20.7,100,969.3,0,131,22/02/2032,0.333333333
Localidad: Villagran,124,153,13.1,21.6,20.4,100,969.3,0,271,23/02/2032,0.326388889
Localidad: Villagran,121,134,10.6,19.4,20.3,100,969.2,0,227,24/02/2032,0.319444444
Localidad: Villagran,118,113,10.9,18.7,20,100,969.2,0,149,25/02/2032,0.3125
Localidad: Villagran,118,138,11.4,18.4,19.7,100,969.2,0,131,26/02/2032,0.305555556
Localidad: Villagran,122,134,10.5,19.1,19.3,100,969.1,0,44,27/02/2032,0.298611111
Localidad: Villagran,124,131,12.3,22,19.3,100,969.1,0,26,28/02/2032,0.291666667
Localidad: Villagran,135,153,12.3,19.1,19.3,100,969,0,0,29/02/2032,0.284722222
Localidad: Villagran,142,148,9,19.4,19.3,100,969.1,0,0,01/03/2032,0.277777778
Localidad: Villagran,150,163,9.7,22.3,19.4,100,969.1,0,0,02/03/2032,0.270833333
Localidad: Villagran,148,143,13.2,24.5,19.4,100,968.9,0,0,03/03/2032,0.263888889
Localidad: Villagran,146,149,12.7,23.8,19.4,100,968.8,0,0,04/03/2032,0.256944444
Localidad: Villagran,152,140,10.6,25.2,19.2,100,968.8,0,0,05/03/2032,0.25
Localidad: Villagran,153,149,9.7,17.3,19.2,100,968.7,0,0,06/03/2032,0.243055556
Localidad: Villagran,160,181,10.5,21.2,19.1,100,968.6,0,0,07/03/2032,0.236111111
Localidad: Villagran,162,180,9.4,23,19,100,968.5,0,0,08/03/2032,0.229166667
Localidad: Villagran,171,165,9.8,22.3,19,100,968.4,0,0,09/03/2032,0.222222222
Localidad: Villagran,176,170,10.1,23.8,19.1,100,968.4,0,0,10/03/2032,0.215277778
Localidad: Villagran,171,164,9.1,21.2,19.1,100,968.2,0,0,11/03/2032,0.208333333
Localidad: Villagran,188,207,10.2,22.7,19.1,100,968.1,0,0,12/03/2032,0.201388889
Localidad: Villagran,182,201,12.7,27,19,100,968,0,0,13/03/2032,0.194444444
Localidad: Villagran,173,174,12.3,26.6,18.9,100,968,0,0,14/03/2032,0.1875
Localidad: Villagran,173,176,10,27,18.8,100,967.8,0,0,15/03/2032,0.180555556
Localidad: Villagran,157,159,11.4,22,18.8,100,967.6,0,0,16/03/2032,0.173611111
Localidad: Villagran,155,151,11.3,23.8,19,100,967.4,0,0,17/03/2032,0.166666667
Localidad: Villagran,144,134,11.6,27,19.1,100,967.3,0,0,18/03/2032,0.159722222
Localidad: Villagran,123,126,16.2,31.3,19,100,966.9,0,0,19/03/2032,0.152777778
Localidad: Villagran,113,114,15.1,35.3,19,100,966.6,0,0,20/03/2032,0.145833333
Localidad: Villagran,114,105,16.8,31.3,18.9,100,966.4,0,0,21/03/2032,0.138888889
Localidad: Villagran,106,118,16.6,27.4,18.9,100,966.5,0,0,22/03/2032,0.131944444
Localidad: Villagran,111,109,15.3,27.4,18.8,100,966.5,0,0,23/03/2032,0.125
Localidad: Villagran,109,93,14.2,22,18.8,100,966.8,0,0,24/03/2032,0.118055556
Localidad: Villagran,116,103,10.4,20.2,19,100,967.1,0,0,25/03/2032,0.111111111
Localidad: Villagran,113,113,15.5,28.1,19.1,100,967,0,0,26/03/2032,0.104166667
Localidad: Villagran,110,109,17.8,32,19.4,100,966.9,0,0,27/03/2032,0.097222222
Localidad: Villagran,105,91,15,27.4,19.9,100,967,0,0,28/03/2032,0.090277778
Localidad: Villagran,110,115,12.3,20.9,20,100,967,0,0,29/03/2032,0.083333333
Localidad: Villagran,119,112,9.7,16.9,20.3,100,967.1,0,0,30/03/2032,0.076388889
Localidad: Villagran,102,121,8.3,15.8,20.1,100,967.5,0,0,31/03/2032,0.069444444
Localidad: Villagran,101,121,7.7,15.1,19.9,100,968.1,0,0,01/04/2032,0.0625
Localidad: Villagran,110,65,3.9,9.4,19.5,100,968.5,0,0,02/04/2032,0.055555556
Localidad: Villagran,161,165,7.9,21.6,19.5,100,969,0,0,03/04/2032,0.048611111
Localidad: Villagran,161,161,8.4,18.7,19.6,100,969.3,0,0,04/04/2032,0.041666667
Localidad: Villagran,162,165,8.1,20.5,19.6,100,969.7,0,0,05/04/2032,0.034722222
Localidad: Villagran,168,165,8.1,24.1,19.7,100,969.8,0,0,06/04/2032,0.027777778
Localidad: Villagran,130,102,5.5,9.7,19.7,100,970.1,0,0,07/04/2032,0.020833333
Localidad: Villagran,110,110,3.8,9,19.6,100,970.3,0,0,08/04/2032,0.013888889
Localidad: Villagran,102,94,2.6,5.4,19.6,100,970.5,0,0,09/04/2032,0.006944444
Localidad: Villagran,86,92,3,7.6,19.6,100,970.7,0,0,10/04/2032,0
Localidad: Villagran,5,2,2.3,5,19.6,100,971.1,0,0,11/04/2032,0.993055556
Localidad: Villagran,350,291,3.6,9,19.6,100,971.3,0,0,12/04/2032,0.986111111
Localidad: Villagran,327,41,6,16.2,19.7,100,972,0,0,13/04/2032,0.979166667
Localidad: Villagran,313,336,5.1,13.3,19.6,100,971.8,0,0,14/04/2032,0.972222222
Localidad: Villagran,121,174,2.6,8.6,19.6,100,972.1,0,0,15/04/2032,0.965277778
Localidad: Villagran,107,229,2.8,7.9,19.6,100,972,1.4,0,16/04/2032,0.958333333
Localidad: Villagran,289,165,3.2,8.3,19.5,100,972.5,1,0,17/04/2032,0.951388889
Localidad: Villagran,308,291,4.5,10.1,19.5,100,972.7,0.2,0,18/04/2032,0.944444444
Localidad: Villagran,316,316,2.9,7.2,19.4,100,972.5,0.2,0,19/04/2032,0.9375
Localidad: Villagran,326,342,2.6,7.9,19.3,100,972.4,0.2,0,20/04/2032,0.930555556
Localidad: Villagran,190,153,4.4,10.8,19.3,100,972.2,0.6,0,21/04/2032,0.923611111
Localidad: Villagran,329,315,6.5,15.1,19.6,100,972.1,1.4,0,22/04/2032,0.916666667
Localidad: Villagran,327,314,4.2,9.7,20.7,96,972.2,0,0,23/04/2032,0.909722222
Localidad: Villagran,310,314,5.1,10.8,20.7,97,971.9,0,0,24/04/2032,0.902777778
Localidad: Villagran,318,302,5.2,10.4,20.6,98,971.8,0,0,25/04/2032,0.895833333
Localidad: Villagran,317,354,4.1,10.1,20.7,96,971.5,0,0,26/04/2032,0.888888889
Localidad: Villagran,295,295,2.5,8.3,20.9,95,971.2,0,0,27/04/2032,0.881944444
Localidad: Villagran,310,286,4.4,14,21.1,93,971,0,0,28/04/2032,0.875
Localidad: Villagran,301,259,5.8,17.3,21,92,970.7,0,0,29/04/2032,0.868055556
Localidad: Villagran,324,238,4.9,14.4,21,95,970.8,0,0,30/04/2032,0.861111111
Localidad: Villagran,310,343,5.8,15.1,20.8,95,970.2,0,0,01/05/2032,0.854166667
Localidad: Villagran,301,5,4.8,14.4,21,93,970.3,0,0,02/05/2032,0.847222222
Localidad: Villagran,276,289,6.7,16.9,21.1,93,970,0,0,03/05/2032,0.840277778
Localidad: Villagran,298,342,7.2,24.8,21.3,89,969.7,0,0,04/05/2032,0.833333333
Localidad: Villagran,304,346,9.2,27,21.4,92,969.5,0,0,05/05/2032,0.826388889
Localidad: Villagran,301,292,9.4,28.1,21.5,93,969.5,0,0,06/05/2032,0.819444444
Localidad: Villagran,320,313,15.3,35.3,21.6,92,969.2,0,0,07/05/2032,0.8125
Localidad: Villagran,326,345,21.3,48.6,21.9,92,969,0,0,08/05/2032,0.805555556
Localidad: Villagran,333,351,22.2,41,22.1,94,968.9,0,0,09/05/2032,0.798611111
Localidad: Villagran,335,345,22.4,49.3,22.3,98,968.4,0,0,10/05/2032,0.791666667
Localidad: Villagran,342,346,18.5,40,22.7,100,967.9,0,0,11/05/2032,0.784722222
Localidad: Villagran,332,338,15.3,32.8,22.9,100,967.1,0,0,12/05/2032,0.777777778
Localidad: Villagran,350,350,13.4,29.2,24.4,100,966.6,0,0,13/05/2032,0.770833333
Localidad: Villagran,1,16,8.4,22,24.2,99,965.5,0.2,0,14/05/2032,0.763888889
Localidad: Villagran,320,335,9.4,17.3,23.4,100,965.7,0,0,15/05/2032,0.756944444
Localidad: Villagran,347,17,7.9,14.4,23.6,100,965.8,0,0,16/05/2032,0.75
Localidad: Villagran,35,25,3.4,9.4,23.6,100,965,0,0,17/05/2032,0.743055556
Localidad: Villagran,155,137,7.2,20.2,23.7,100,965.3,0,0,18/05/2032,0.736111111
Localidad: Villagran,168,170,14.1,30.2,23.8,100,965.8,0,0,19/05/2032,0.729166667
Localidad: Villagran,153,143,10.2,20.2,23.9,100,966.5,0,0,20/05/2032,0.722222222
Localidad: Villagran,180,166,7.6,22.7,24.1,100,966.5,0.2,0,21/05/2032,0.715277778
Localidad: Villagran,165,137,9.2,18.7,24.3,100,966.5,0.2,0,22/05/2032,0.708333333
Localidad: Villagran,198,197,5.9,13.7,25.2,99,966.3,0.2,0,23/05/2032,0.701388889
Localidad: Villagran,170,174,9.1,15.5,26.5,82,966.4,0,0,24/05/2032,0.694444444
Localidad: Villagran,160,155,5.7,13.3,27.1,76,966,0,0,25/05/2032,0.6875
Localidad: Villagran,157,152,8.7,19.1,27.5,71,966.1,0,0,26/05/2032,0.680555556
Localidad: Villagran,144,132,12.7,23,27.8,70,966,0,0,27/05/2032,0.673611111
Localidad: Villagran,131,145,13.9,28.4,28.1,67,965.7,0,0,28/05/2032,0.666666667
Localidad: Villagran,119,107,16.6,30.6,28.5,64,965.7,0,96,29/05/2032,0.659722222
Localidad: Villagran,118,112,18.3,31,28.7,64,965.9,0,61,30/05/2032,0.652777778
Localidad: Villagran,119,135,21.2,36.4,29.4,60,965.9,0,201,31/05/2032,0.645833333
Localidad: Villagran,116,127,20.4,38.2,29.8,58,966,0,236,01/06/2032,0.638888889
Localidad: Villagran,109,88,17.9,33.5,30.6,55,966.1,0,341,02/06/2032,0.631944444
Localidad: Villagran,103,107,13.9,27.7,30.8,55,966.3,0,918,03/06/2032,0.625
Localidad: Villagran,108,109,13.1,26.3,30.9,54,966.3,0,516,04/06/2032,0.618055556
Localidad: Villagran,116,146,10.6,20.5,30.3,56,966.4,0,289,05/06/2032,0.611111111
Localidad: Villagran,121,126,11.3,23,30.1,56,966.3,0,210,06/06/2032,0.604166667
Localidad: Villagran,117,126,12.9,22.7,29.8,56,966.6,0,184,07/06/2032,0.597222222
Localidad: Villagran,110,87,10.3,22,29.9,56,966.6,0,122,08/06/2032,0.590277778
Localidad: Villagran,122,119,12.9,24.5,29.7,56,966.6,0,184,09/06/2032,0.583333333
Localidad: Villagran,122,142,9.9,17.3,29.9,56,966.5,0,157,10/06/2032,0.576388889
Localidad: Villagran,136,131,12.4,23,29.9,56,966.7,0,149,11/06/2032,0.569444444
Localidad: Villagran,127,114,11.3,21.6,31.5,51,966.6,0,1067,12/06/2032,0.5625
Localidad: Villagran,147,146,10.9,25.2,30.8,55,966.8,0,490,13/06/2032,0.555555556
Localidad: Villagran,121,140,11,22,30.6,55,967.1,0,857,14/06/2032,0.548611111
Localidad: Villagran,40,63,7.4,20.5,30.3,57,967.3,0,376,15/06/2032,0.541666667
Localidad: Villagran,90,155,6.4,13,30.9,57,967.4,0,1102,16/06/2032,0.534722222
Localidad: Villagran,162,173,8,17.3,30,64,967.7,0,481,17/06/2032,0.527777778
Localidad: Villagran,294,170,5.2,13.7,30.2,62,967.8,0,306,18/06/2032,0.520833333
Localidad: Villagran,226,200,3.7,14.8,30.1,65,967.9,0,840,19/06/2032,0.513888889
Localidad: Villagran,289,147,3.2,9,30.7,61,968,0,420,20/06/2032,0.506944444
Localidad: Villagran,202,198,4.8,13.3,29.1,68,968.2,0,376,21/06/2032,0.5
Localidad: Villagran,66,114,5.1,12.6,29.6,67,968.1,0,1128,22/06/2032,0.493055556
Localidad: Villagran,98,202,4.6,18,29.4,71,968.2,0,385,23/06/2032,0.486111111
Localidad: Villagran,220,210,5.4,16.6,30.2,67,968.4,0,1137,24/06/2032,0.479166667
Localidad: Villagran,230,216,4.2,10.8,28.2,75,968.5,0,516,25/06/2032,0.472222222
Localidad: Villagran,276,254,3.8,10.4,27.8,79,968.7,0,1049,26/06/2032,0.465277778
Localidad: Villagran,261,276,2.7,6.1,27,84,968.9,0,656,27/06/2032,0.458333333
Localidad: Villagran,290,259,2.3,6.1,25.9,88,969,0,184,28/06/2032,0.451388889
Localidad: Villagran,272,279,4.3,12.2,25.3,90,969.1,0,192,29/06/2032,0.444444444
Localidad: Villagran,266,268,3.3,10.1,24.8,94,969.2,0,122,30/06/2032,0.4375
Localidad: Villagran,249,244,3.7,9,24.8,95,969.1,0,105,01/07/2032,0.430555556
Localidad: Villagran,199,180,2.9,10.1,24.9,95,969.1,0,131,02/07/2032,0.423611111
Localidad: Villagran,190,208,7.5,14.8,23.9,98,969.2,0,157,03/07/2032,0.416666667
Localidad: Villagran,178,169,6.5,15.8,23.8,100,969.1,0,149,04/07/2032,0.409722222
Localidad: Villagran,166,190,7.4,16.9,23.4,100,969,0,105,05/07/2032,0.402777778
Localidad: Villagran,156,160,12.6,21.6,23.1,100,968.8,0,96,06/07/2032,0.395833333
Localidad: Villagran,161,132,10.2,19.1,23.1,100,968.6,0,87,07/07/2032,0.388888889
Localidad: Villagran,154,147,9.4,22.7,22.8,100,968.7,0,87,08/07/2032,0.381944444
Localidad: Villagran,147,147,12.3,21.2,22.5,100,968.6,0,79,09/07/2032,0.375
Localidad: Villagran,140,120,11.2,20.9,22.4,100,968.4,0,61,10/07/2032,0.368055556
Localidad: Villagran,140,133,11.3,23.8,22.3,100,968.4,0,26,11/07/2032,0.361111111
Localidad: Villagran,148,163,13.5,25.9,22.3,100,968.2,0,35,12/07/2032,0.354166667
Localidad: Villagran,148,135,15.6,27.4,22.3,100,968,0,44,13/07/2032,0.347222222
Localidad: Villagran,147,139,15.9,31.7,22.2,100,967.8,0,44,14/07/2032,0.340277778
Localidad: Villagran,154,141,16.3,27.7,22.1,100,967.6,0,26,15/07/2032,0.333333333
Localidad: Villagran,155,139,18.7,28.1,22,100,967.6,0,70,16/07/2032,0.326388889
Localidad: Villagran,155,142,13.8,27.4,21.8,100,967.4,0,35,17/07/2032,0.319444444
Localidad: Villagran,152,157,11.4,21.2,21.7,100,967.4,0,0,18/07/2032,0.3125
Localidad: Villagran,150,144,10.8,19.1,21.7,100,967.4,0,0,19/07/2032,0.305555556
Localidad: Villagran,160,172,9.5,15.8,21.7,100,967.3,0,0,20/07/2032,0.298611111
Localidad: Villagran,155,170,12,23.4,21.7,100,967.2,0,0,21/07/2032,0.291666667
Localidad: Villagran,151,143,11.6,22.7,21.8,100,967.1,0,0,22/07/2032,0.284722222
Localidad: Villagran,156,159,9.7,18,21.7,100,967.1,0,0,23/07/2032,0.277777778
Localidad: Villagran,150,144,9.6,18,21.7,100,967,0,0,24/07/2032,0.270833333
Localidad: Villagran,146,133,8.6,15.5,21.6,100,966.9,0,0,25/07/2032,0.263888889
Localidad: Villagran,146,151,8.4,15.1,21.5,100,966.8,0,0,26/07/2032,0.256944444
Localidad: Villagran,153,135,4.1,9,21.4,100,966.8,0,0,27/07/2032,0.25
Localidad: Villagran,141,147,4.4,14,21.4,100,966.8,0,0,28/07/2032,0.243055556
Localidad: Villagran,144,151,6.6,13.3,21.4,100,966.8,0,0,29/07/2032,0.236111111
Localidad: Villagran,142,154,8.8,15.8,21.4,100,966.7,0,0,30/07/2032,0.229166667
Localidad: Villagran,139,147,7.6,13,21.4,100,966.6,0,0,31/07/2032,0.222222222
Localidad: Villagran,147,159,8.2,16.6,21.4,100,966.5,0,0,01/08/2032,0.215277778
Localidad: Villagran,145,149,9.7,17.3,21.4,100,966.5,0,0,02/08/2032,0.208333333
Localidad: Villagran,141,139,10.1,17.6,21.4,100,966.5,0,0,03/08/2032,0.201388889
Localidad: Villagran,138,134,9.5,18.4,21.4,100,966.3,0,0,04/08/2032,0.194444444
Localidad: Villagran,138,137,8.7,14.4,21.4,100,966.3,0,0,05/08/2032,0.1875
Localidad: Villagran,141,163,9.4,15.5,21.4,100,966.3,0,0,06/08/2032,0.180555556
Localidad: Villagran,129,126,8.2,14.4,21.5,100,966.4,0,0,07/08/2032,0.173611111
Localidad: Villagran,134,150,8.2,14,21.5,100,966.4,0,0,08/08/2032,0.166666667
Localidad: Villagran,143,156,8.7,18.4,21.5,100,966.5,0,0,09/08/2032,0.159722222
Localidad: Villagran,143,133,11.3,20.9,21.4,100,966.4,0,0,10/08/2032,0.152777778
Localidad: Villagran,148,145,11.6,21.2,21.5,100,966.4,0,0,11/08/2032,0.145833333
Localidad: Villagran,148,136,12.8,24.8,21.5,100,966.6,0,0,12/08/2032,0.138888889
Localidad: Villagran,144,152,14.6,24.1,21.5,100,966.5,0,0,13/08/2032,0.131944444
Localidad: Villagran,150,150,11.5,22,21.5,100,966.4,0,0,14/08/2032,0.125
Localidad: Villagran,146,158,11.9,21.2,21.5,100,966.6,0,0,15/08/2032,0.118055556
Localidad: Villagran,136,146,12.4,22.7,21.6,100,966.5,0,0,16/08/2032,0.111111111
Localidad: Villagran,142,141,12.7,25.6,21.6,100,966.6,0,0,17/08/2032,0.104166667
Localidad: Villagran,138,126,13.2,25.9,21.7,100,966.8,0,0,18/08/2032,0.097222222
Localidad: Villagran,131,157,12.6,24.1,21.7,100,966.9,0,0,19/08/2032,0.090277778
Localidad: Villagran,122,147,13.9,22.3,21.8,100,967.2,0,0,20/08/2032,0.083333333
Localidad: Villagran,129,139,10.9,18.4,22,100,967.5,0,0,21/08/2032,0.076388889
Localidad: Villagran,132,158,10.7,23,22.1,100,967.9,0,0,22/08/2032,0.069444444
Localidad: Villagran,124,133,10.4,19.8,22.1,100,968.3,0,0,23/08/2032,0.0625
Localidad: Villagran,132,119,10.3,21.2,22.1,100,968.3,0,0,24/08/2032,0.055555556
Localidad: Villagran,141,130,11.2,21.6,22.2,100,968.5,0,0,25/08/2032,0.048611111
Localidad: Villagran,135,131,12.5,23.4,22.2,100,968.6,0,0,26/08/2032,0.041666667
Localidad: Villagran,127,123,15.3,24.5,22.2,100,968.6,0,0,27/08/2032,0.034722222
Localidad: Villagran,125,139,15.1,31.7,22.3,100,968.7,0,0,28/08/2032,0.027777778
Localidad: Villagran,126,121,14.5,24.1,22.4,100,968.8,0,0,29/08/2032,0.020833333
Localidad: Villagran,143,146,15.4,25.9,22.5,100,968.9,0,0,30/08/2032,0.013888889
Localidad: Villagran,144,163,15.4,26.3,22.6,100,969,0,0,31/08/2032,0.006944444
Localidad: Villagran,155,153,13.2,29.9,22.7,100,969.1,0,0,01/09/2032,0
Localidad: Villagran,157,160,12.3,28.4,22.8,100,969.1,0,0,02/09/2032,0.993055556
Localidad: Villagran,144,149,8.9,19.1,22.9,100,969,0,0,03/09/2032,0.986111111
Localidad: Villagran,128,146,8,14.8,23,100,969,0,0,04/09/2032,0.979166667
Localidad: Villagran,137,115,8.9,19.1,23,100,969.1,0,0,05/09/2032,0.972222222
Localidad: Villagran,132,148,10.1,23.4,23,100,969.1,0,0,06/09/2032,0.965277778
Localidad: Villagran,142,134,10.7,20.5,23.1,100,969.2,0,0,07/09/2032,0.958333333
Localidad: Villagran,129,129,11,19.8,23.1,100,969.2,0,0,08/09/2032,0.951388889
Localidad: Villagran,143,134,10.2,19.4,23.3,100,969.4,0,0,09/09/2032,0.944444444
Localidad: Villagran,127,133,10.1,17.6,23.3,100,969.4,0,0,10/09/2032,0.9375
Localidad: Villagran,131,116,13.4,27,23.4,100,969.4,0,0,11/09/2032,0.930555556
Localidad: Villagran,129,144,15.9,28.1,23.5,100,969.2,0,0,12/09/2032,0.923611111
Localidad: Villagran,121,122,12.7,21.6,23.6,99,969.2,0,0,13/09/2032,0.916666667
Localidad: Villagran,128,158,14.1,30.2,23.7,98,969.1,0,0,14/09/2032,0.909722222
Localidad: Villagran,137,139,13.2,25.2,23.8,97,968.9,0,0,15/09/2032,0.902777778
Localidad: Villagran,142,129,15.5,31.7,23.9,96,968.7,0,0,16/09/2032,0.895833333
Localidad: Villagran,130,115,18,32.8,24.1,95,968.7,0,0,17/09/2032,0.888888889
Localidad: Villagran,118,133,15.9,31.7,24.2,94,968.5,0,0,18/09/2032,0.881944444
Localidad: Villagran,127,130,17.5,33.5,24.4,93,968.4,0,0,19/09/2032,0.875
Localidad: Villagran,118,118,15.6,31.7,24.5,92,968.3,0,0,20/09/2032,0.868055556
Localidad: Villagran,121,112,16.6,31.3,24.7,91,968.3,0,0,21/09/2032,0.861111111
Localidad: Villagran,122,140,15.7,27.4,24.8,90,968.2,0,0,22/09/2032,0.854166667
Localidad: Villagran,132,137,15.3,29.2,24.9,89,968,0,0,23/09/2032,0.847222222
Localidad: Villagran,124,108,18.7,35.3,25.1,88,968,0,0,24/09/2032,0.840277778
Localidad: Villagran,130,121,19.8,34.6,25.3,87,967.7,0,0,25/09/2032,0.833333333
Localidad: Villagran,130,134,20.4,40.7,25.6,85,967.5,0,0,26/09/2032,0.826388889
Localidad: Villagran,132,102,21.6,36.7,25.8,84,967.4,0,0,27/09/2032,0.819444444
Localidad: Villagran,134,122,17.5,34.2,26.1,81,967.3,0,0,28/09/2032,0.8125
Localidad: Villagran,142,150,15.6,30.2,26.4,78,967.4,0,0,29/09/2032,0.805555556
Localidad: Villagran,144,152,15,24.8,26.6,75,967.3,0,0,30/09/2032,0.798611111
Localidad: Villagran,146,154,14.8,28.1,26.8,73,967.1,0,0,01/10/2032,0.791666667
Localidad: Villagran,124,131,7.7,15.1,26.7,70,967,0,0,02/10/2032,0.784722222
Localidad: Villagran,152,155,5.9,15.5,26.8,70,966.8,0,0,03/10/2032,0.777777778
Localidad: Villagran,177,180,6.3,10.8,26.9,67,966.6,0,0,04/10/2032,0.770833333
Localidad: Villagran,148,162,4,11.2,27.2,66,966.6,0,0,05/10/2032,0.763888889
Localidad: Villagran,163,178,3.5,10.1,27.4,65,966.7,0,0,06/10/2032,0.756944444
Localidad: Villagran,172,203,5.4,10.1,27.6,64,966.6,0,0,07/10/2032,0.75
Localidad: Villagran,179,166,4.4,10.1,27.8,63,966.5,0,17,08/10/2032,0.743055556
Localidad: Villagran,191,202,3.5,10.8,27.9,64,966.5,0,44,09/10/2032,0.736111111
Localidad: Villagran,208,218,6.7,13.3,28.1,62,966.4,0,44,10/10/2032,0.729166667
Localidad: Villagran,214,214,5.1,13.7,28.5,60,966.4,0,79,11/10/2032,0.722222222
Localidad: Villagran,206,204,7.3,13.7,28.7,60,966.5,0,105,12/10/2032,0.715277778
Localidad: Villagran,209,211,6.5,12.6,28.7,59,966.6,0,105,13/10/2032,0.708333333
Localidad: Villagran,182,175,6.8,12.6,28.7,61,966.6,0,131,14/10/2032,0.701388889
Localidad: Villagran,191,175,4.3,7.9,28.8,60,966.6,0,175,15/10/2032,0.694444444
Localidad: Villagran,209,205,5.9,10.8,28.4,62,966.8,0,105,16/10/2032,0.6875
Localidad: Villagran,211,208,6.7,13,28.4,61,966.9,0,79,17/10/2032,0.680555556
Localidad: Villagran,210,219,6.7,12.2,28.8,60,966.9,0,157,18/10/2032,0.673611111
Localidad: Villagran,221,229,6.9,16.2,28.7,62,967,0,122,19/10/2032,0.666666667
Localidad: Villagran,157,141,10.4,19.4,28.9,60,967,0,131,20/10/2032,0.659722222
Localidad: Villagran,156,145,15.1,27.4,28.9,55,967.1,0,166,21/10/2032,0.652777778
Localidad: Villagran,155,171,12.1,24.5,28.9,55,967.1,0,201,22/10/2032,0.645833333
Localidad: Villagran,150,148,10,21.6,29.2,55,967.3,0,157,23/10/2032,0.638888889
Localidad: Villagran,141,131,11.4,19.8,28.7,58,967.4,0,271,24/10/2032,0.631944444
Localidad: Villagran,156,173,12.3,20.5,29.3,58,967.4,0,350,25/10/2032,0.625
Localidad: Villagran,151,145,15.5,25.6,29,57,967.5,0,341,26/10/2032,0.618055556
Localidad: Villagran,139,121,10,22,28.8,59,967.6,0,297,27/10/2032,0.611111111
Localidad: Villagran,158,176,10.8,21.6,29.1,60,967.8,0,359,28/10/2032,0.604166667
Localidad: Villagran,175,200,10,23,28.9,61,967.9,0,525,29/10/2032,0.597222222
Localidad: Villagran,167,171,8.1,22.3,28.2,65,968.1,0,402,30/10/2032,0.590277778
Localidad: Villagran,198,222,6.8,16.6,28,68,968.3,0,271,31/10/2032,0.583333333
Localidad: Villagran,191,201,7.2,15.5,28,72,968.4,0,262,01/11/2032,0.576388889
Localidad: Villagran,185,196,9.3,16.2,27.9,70,968.5,0,271,02/11/2032,0.569444444
Localidad: Villagran,163,218,10.6,23.8,27.7,71,968.7,0,210,03/11/2032,0.5625
Localidad: Villagran,148,105,10,22,28,68,968.8,0,262,04/11/2032,0.555555556
Localidad: Villagran,173,128,9.1,22.3,28.6,66,969,0,612,05/11/2032,0.548611111
Localidad: Villagran,156,133,10.4,20.5,28.3,69,969.1,0,437,06/11/2032,0.541666667
Localidad: Villagran,201,221,11.6,23.8,29,66,969.3,0,1233,07/11/2032,0.534722222
Localidad: Villagran,144,137,13.5,24.1,28,71,969.6,0,708,08/11/2032,0.527777778
Localidad: Villagran,169,164,9.9,21.6,27.9,71,969.8,0,429,09/11/2032,0.520833333
Localidad: Villagran,172,178,11.4,28.1,26.7,77,970,0,542,10/11/2032,0.513888889
Localidad: Villagran,187,191,10.4,20.5,27.2,75,970.1,0,402,11/11/2032,0.506944444
Localidad: Villagran,180,199,12.3,27.4,26.7,79,970.3,0,464,12/11/2032,0.5
Localidad: Villagran,173,171,9.7,23,25.8,82,970.4,0,367,13/11/2032,0.493055556
Localidad: Villagran,177,211,10.4,20.2,26,84,970.4,0,673,14/11/2032,0.486111111
Localidad: Villagran,191,195,10.8,22.7,26,87,970.6,0,437,15/11/2032,0.479166667
Localidad: Villagran,203,214,10.7,20.5,25.7,86,970.8,0,1076,16/11/2032,0.472222222
Localidad: Villagran,201,224,9.4,21.6,26.3,85,970.9,0,542,17/11/2032,0.465277778
Localidad: Villagran,192,216,9.9,21.2,25.3,87,971,0,551,18/11/2032,0.458333333
Localidad: Villagran,196,196,10.9,22,24.4,95,971.2,0,892,19/11/2032,0.451388889
Localidad: Villagran,180,179,9.3,16.6,23.3,100,971.3,0,324,20/11/2032,0.444444444
Localidad: Villagran,173,175,9.5,19.4,22.7,100,971.3,0,254,21/11/2032,0.4375
Localidad: Villagran,167,160,10.7,19.1,22.2,100,971.3,0,175,22/11/2032,0.430555556
Localidad: Villagran,149,140,9.9,19.4,21.9,100,971.4,0,131,23/11/2032,0.423611111
Localidad: Villagran,149,173,10.1,20.5,21.5,100,971.3,0,122,24/11/2032,0.416666667
Localidad: Villagran,150,165,10.4,18.7,21.4,100,971.3,0,26,25/11/2032,0.409722222
Localidad: Villagran,150,159,12.8,25.6,21.3,100,971.1,0,61,26/11/2032,0.402777778
Localidad: Villagran,149,153,14.5,24.8,21.2,100,971,0,61,27/11/2032,0.395833333
Localidad: Villagran,130,120,14.2,25.9,21.2,100,970.9,0,52,28/11/2032,0.388888889
Localidad: Villagran,130,131,12.6,23,21.1,100,970.9,0,122,29/11/2032,0.381944444
Localidad: Villagran,126,122,11.8,23,21.1,100,970.9,0,70,30/11/2032,0.375
Localidad: Villagran,121,136,11,18.7,21,100,970.9,0,52,01/12/2032,0.368055556
Localidad: Villagran,139,135,12.9,22.3,21,100,971,0,70,02/12/2032,0.361111111
Localidad: Villagran,132,136,10.8,22,20.9,100,971,0,70,03/12/2032,0.354166667
Localidad: Villagran,139,121,11.5,24.8,20.8,100,971,0,79,04/12/2032,0.347222222
Localidad: Villagran,136,156,12.2,22,20.7,100,971,0,79,05/12/2032,0.340277778
Localidad: Villagran,132,136,12.5,24.1,20.6,100,971,0,44,06/12/2032,0.333333333
Localidad: Villagran,135,134,12.5,22.7,20.7,100,971,0,61,07/12/2032,0.326388889
Localidad: Villagran,141,146,11.1,22.3,20.5,100,970.9,0,44,08/12/2032,0.319444444
Localidad: Villagran,147,143,11.7,22.7,20.5,100,970.9,0,52,09/12/2032,0.3125
Localidad: Villagran,139,140,11.6,20.9,20.4,100,970.9,0,35,10/12/2032,0.305555556
Localidad: Villagran,133,142,12.7,23,20.3,100,970.8,0,35,11/12/2032,0.298611111
Localidad: Villagran,124,147,13.5,24.1,20.3,100,970.6,0,0,12/12/2032,0.291666667
Localidad: Villagran,117,118,11.1,21.2,20.2,100,970.5,0,0,13/12/2032,0.284722222
Localidad: Villagran,120,131,11.7,21.6,20.2,100,970.3,0,0,14/12/2032,0.277777778
Localidad: Villagran,126,133,11.5,20.2,20.2,100,970.2,0,0,15/12/2032,0.270833333
Localidad: Villagran,139,127,10.8,18.7,20.3,100,970.1,0,0,16/12/2032,0.263888889
Localidad: Villagran,150,145,11.3,23.8,20.3,100,970.2,0,0,17/12/2032,0.256944444
Localidad: Villagran,151,140,10.9,23.4,20.3,100,970.1,0,0,18/12/2032,0.25
Localidad: Villagran,158,167,9.2,18.4,20.3,100,970,0,0,19/12/2032,0.243055556
Localidad: Villagran,169,174,7.7,14.4,20.3,100,970.1,0,0,20/12/2032,0.236111111
Localidad: Villagran,169,166,6.4,13.7,20.3,100,969.9,0,0,21/12/2032,0.229166667
Localidad: Villagran,158,168,5.5,10.4,20.3,100,969.8,0,0,22/12/2032,0.222222222
Localidad: Villagran,144,137,5.9,13,20.3,100,969.8,0,0,23/12/2032,0.215277778
Localidad: Villagran,131,134,8.8,15.1,20.3,100,969.8,0,0,24/12/2032,0.208333333
Localidad: Villagran,132,118,10.3,19.8,20.3,100,969.8,0,0,25/12/2032,0.201388889
Localidad: Villagran,141,138,10.4,20.9,20.3,100,969.7,0,0,26/12/2032,0.194444444
Localidad: Villagran,158,169,8.3,16.2,20.4,100,969.7,0,0,27/12/2032,0.1875
Localidad: Villagran,164,156,6.9,12.6,20.4,100,969.7,0,0,28/12/2032,0.180555556
Localidad: Villagran,173,160,8,15.8,20.4,100,969.6,0,0,29/12/2032,0.173611111
Localidad: Villagran,167,153,6.2,11.9,20.4,100,969.5,0,0,30/12/2032,0.166666667
Localidad: Villagran,159,181,7.3,15.1,20.4,100,969.4,0,0,31/12/2032,0.159722222
Localidad: Villagran,148,136,7.9,17.6,20.4,100,969.3,0,0,01/01/2033,0.152777778
Localidad: Villagran,139,147,6.7,11.9,20.5,100,969.3,0,0,02/01/2033,0.145833333
Localidad: Villagran,129,121,6.4,11.5,20.6,100,969.3,0,0,03/01/2033,0.138888889
Localidad: Villagran,134,130,7.2,14.4,20.6,100,969.4,0,0,04/01/2033,0.131944444
Localidad: Villagran,134,147,8.1,15.1,20.6,100,969.4,0,0,05/01/2033,0.125
Localidad: Villagran,124,134,9.8,17.6,20.6,100,969.4,0,0,06/01/2033,0.118055556
Localidad: Villagran,121,125,10,16.2,20.7,100,969.5,0,0,07/01/2033,0.111111111
Localidad: Villagran,120,119,9.4,15.5,20.7,100,969.5,0,0,08/01/2033,0.104166667
Localidad: Villagran,124,137,9.4,17.6,20.7,100,969.6,0,0,09/01/2033,0.097222222
Localidad: Villagran,119,120,10.7,17.3,20.8,100,969.6,0,0,10/01/2033,0.090277778
Localidad: Villagran,120,130,11.1,20.5,20.8,100,969.6,0,0,11/01/2033,0.083333333
Localidad: Villagran,128,141,9.9,15.5,20.8,100,969.7,0,0,12/01/2033,0.076388889
Localidad: Villagran,127,121,10.2,19.8,20.8,100,969.8,0,0,13/01/2033,0.069444444
Localidad: Villagran,124,113,11.1,21.2,20.8,100,969.9,0,0,14/01/2033,0.0625
Localidad: Villagran,120,120,8.9,18,20.8,100,970,0,0,15/01/2033,0.055555556
Localidad: Villagran,125,140,10.2,23.4,20.8,100,970,0,0,16/01/2033,0.048611111
Localidad: Villagran,120,134,9.6,18.4,20.8,100,970.1,0,0,17/01/2033,0.041666667
Localidad: Villagran,115,118,8.1,18.4,20.8,100,970.1,0,0,18/01/2033,0.034722222
Localidad: Villagran,127,131,6.3,13.3,20.9,100,970.2,0,0,19/01/2033,0.027777778
Localidad: Villagran,120,131,6.7,14,20.9,100,970.2,0,0,20/01/2033,0.020833333
Localidad: Villagran,122,129,5.8,11.5,20.9,100,970.3,0,0,21/01/2033,0.013888889
Localidad: Villagran,114,95,5.1,8.3,20.9,100,970.3,0,0,22/01/2033,0.006944444
Localidad: Villagran,129,121,4.9,11.9,20.9,100,970.3,0,0,23/01/2033,0
Localidad: Villagran,124,142,4.5,7.9,20.9,100,970.3,0,0,24/01/2033,0.993055556
Localidad: Villagran,106,129,2.7,5.4,20.9,100,970.4,0,0,25/01/2033,0.986111111
Localidad: Villagran,130,164,1.5,3.2,20.8,100,970.5,0,0,26/01/2033,0.979166667
Localidad: Villagran,76,28,1.2,3.2,20.8,100,970.6,0,0,27/01/2033,0.972222222
Localidad: Villagran,288,279,1.6,3.6,20.8,100,970.6,0,0,28/01/2033,0.965277778
Localidad: Villagran,320,287,1.3,3.6,20.8,100,970.6,0,0,29/01/2033,0.958333333
Localidad: Villagran,317,328,1.2,3.2,20.8,100,970.7,0,0,30/01/2033,0.951388889
Localidad: Villagran,270,201,1.9,5.8,20.8,100,970.8,0.2,0,31/01/2033,0.944444444
Localidad: Villagran,208,218,2.8,5.4,20.7,100,970.9,0.4,0,01/02/2033,0.9375
Localidad: Villagran,196,199,1.9,5.4,20.7,100,970.8,0.2,0,02/02/2033,0.930555556
Localidad: Villagran,210,206,2.4,5,20.8,100,970.8,0.2,0,03/02/2033,0.923611111
Localidad: Villagran,137,200,2.2,5.8,20.8,100,970.8,0.2,0,04/02/2033,0.916666667
Localidad: Villagran,99,129,2.1,8.3,20.8,100,970.8,0.4,0,05/02/2033,0.909722222
Localidad: Villagran,50,13,9.8,20.9,20.9,100,970.8,0.8,0,06/02/2033,0.902777778
Localidad: Villagran,354,351,8.6,20.9,20.8,100,970.6,1.2,0,07/02/2033,0.895833333
Localidad: Villagran,4,13,6.8,16.9,20.7,100,970.6,1.6,0,08/02/2033,0.888888889
Localidad: Villagran,359,345,3.3,7.6,21,100,970.5,1.8,0,09/02/2033,0.881944444
Localidad: Villagran,49,89,5.1,10.4,21,100,970.4,1.6,0,10/02/2033,0.875
Localidad: Villagran,101,93,7.2,15.5,21.2,100,970.4,1.2,0,11/02/2033,0.868055556
Localidad: Villagran,69,85,3.5,10.1,21.3,100,970.3,2,0,12/02/2033,0.861111111
Localidad: Villagran,250,291,2.2,6.8,21.3,100,970.2,1.6,0,13/02/2033,0.854166667
Localidad: Villagran,285,287,3,7.2,21.6,100,969.9,0.4,0,14/02/2033,0.847222222
Localidad: Villagran,332,287,2.4,6.1,21.7,100,969.8,0.6,0,15/02/2033,0.840277778
Localidad: Villagran,264,247,4.4,11.5,21.9,100,969.7,0.2,0,16/02/2033,0.833333333
Localidad: Villagran,291,294,5.3,15.1,22.5,100,969.4,0,0,17/02/2033,0.826388889
Localidad: Villagran,303,284,4.9,13.7,23.1,97,969.2,0,0,18/02/2033,0.819444444
Localidad: Villagran,292,285,5.1,16.2,23.4,93,969.1,0,0,19/02/2033,0.8125
Localidad: Villagran,303,288,8.4,20.2,23.4,92,968.9,0,0,20/02/2033,0.805555556
Localidad: Villagran,308,301,7.3,15.8,23.6,92,968.8,0,0,21/02/2033,0.798611111
Localidad: Villagran,316,335,7.9,18,23.7,91,968.7,0,0,22/02/2033,0.791666667
Localidad: Villagran,325,2,9.1,21.6,23.8,90,968.6,0,0,23/02/2033,0.784722222
Localidad: Villagran,341,337,10.1,27.7,24,89,968.6,0,0,24/02/2033,0.777777778
Localidad: Villagran,0,338,9.5,24.8,24.2,87,968.5,0,0,25/02/2033,0.770833333
Localidad: Villagran,12,28,11.2,23.4,24.4,85,968.5,0,0,26/02/2033,0.763888889
Localidad: Villagran,13,25,10.8,25.2,24.6,81,968.4,0,0,27/02/2033,0.756944444
Localidad: Villagran,5,16,11,25.2,24.8,79,968.3,0,0,28/02/2033,0.75
Localidad: Villagran,13,21,11.1,23.4,24.9,78,968.1,0,0,01/03/2033,0.743055556
Localidad: Villagran,13,19,12,24.1,25,79,968.1,0,26,02/03/2033,0.736111111
Localidad: Villagran,13,11,13.3,27.7,25.2,79,968,0,35,03/03/2033,0.729166667
Localidad: Villagran,8,27,10.5,23.8,25.5,77,968,0,44,04/03/2033,0.722222222
Localidad: Villagran,356,12,8.6,19.8,26,74,967.9,0,87,05/03/2033,0.715277778
Localidad: Villagran,5,320,8.6,18,26.1,74,967.9,0,105,06/03/2033,0.708333333
Localidad: Villagran,341,339,6.3,14.8,26.6,72,967.9,0,96,07/03/2033,0.701388889
Localidad: Villagran,8,52,7.4,19.8,26.7,71,967.9,0,105,08/03/2033,0.694444444
Localidad: Villagran,6,311,7,15.8,27,68,967.9,0,157,09/03/2033,0.6875
Localidad: Villagran,8,36,7.1,18.4,27.1,67,967.9,0,192,10/03/2033,0.680555556
Localidad: Villagran,8,19,8.9,21.2,26.7,70,967.8,0,236,11/03/2033,0.673611111
Localidad: Villagran,349,345,6.8,16.9,27,67,967.9,0,122,12/03/2033,0.666666667
Localidad: Villagran,322,316,3.6,8.3,27.1,65,967.9,0,140,13/03/2033,0.659722222
Localidad: Villagran,322,274,3.5,9.7,27.3,68,968,0,96,14/03/2033,0.652777778
Localidad: Villagran,270,265,4.2,10.1,28,62,968,0,175,15/03/2033,0.645833333
Localidad: Villagran,322,335,4.7,10.1,27.9,61,968.1,0,262,16/03/2033,0.638888889
Localidad: Villagran,297,288,4.7,10.4,27.6,64,968.2,0,350,17/03/2033,0.631944444
Localidad: Villagran,278,288,5.5,14,27.2,66,968.3,0,227,18/03/2033,0.625
Localidad: Villagran,293,291,3.5,9.7,27.7,64,968.4,0,262,19/03/2033,0.618055556
Localidad: Villagran,278,286,4.6,11.5,27.7,62,968.5,0,262,20/03/2033,0.611111111
Localidad: Villagran,277,297,4,10.4,28,62,968.5,0,315,21/03/2033,0.604166667
Localidad: Villagran,299,288,5.1,12.2,27.7,65,968.7,0,306,22/03/2033,0.597222222
Localidad: Villagran,303,301,3.3,10.8,27.4,66,968.8,0,324,23/03/2033,0.590277778
Localidad: Villagran,286,283,2.9,6.5,27.1,64,968.9,0,219,24/03/2033,0.583333333
Localidad: Villagran,282,264,3.8,10.4,27.1,66,969.1,0,210,25/03/2033,0.576388889
Localidad: Villagran,270,246,5.2,11.2,27.1,69,969.1,0,315,26/03/2033,0.569444444
Localidad: Villagran,224,278,3.2,8.6,27.2,68,969.2,0,236,27/03/2033,0.5625
Localidad: Villagran,217,198,6.4,13,27.1,67,969.3,0,289,28/03/2033,0.555555556
Localidad: Villagran,179,217,3.8,11.5,27.6,66,969.5,0,446,29/03/2033,0.548611111
Localidad: Villagran,327,13,4.2,10.4,26.6,69,969.6,0,1041,30/03/2033,0.541666667
Localidad: Villagran,223,196,3,7.6,26.9,69,969.8,0,341,31/03/2033,0.534722222
Localidad: Villagran,179,208,5.1,16.2,26.4,72,969.9,0,437,01/04/2033,0.527777778
Localidad: Villagran,241,208,2.8,8.3,26.9,67,970,0,560,02/04/2033,0.520833333
Localidad: Villagran,265,250,4,11.5,25.7,75,970.1,0,551,03/04/2033,0.513888889
Localidad: Villagran,206,204,5.5,14,25,79,970.3,0,289,04/04/2033,0.506944444
Localidad: Villagran,232,250,6.1,15.1,24.9,79,970.4,0,280,05/04/2033,0.5
Localidad: Villagran,216,218,5.7,14,24.4,83,970.5,0,262,06/04/2033,0.493055556
Localidad: Villagran,205,221,5.6,11.9,24,86,970.6,0,254,07/04/2033,0.486111111
Localidad: Villagran,194,201,6.7,14.8,23.6,87,970.6,0,192,08/04/2033,0.479166667
Localidad: Villagran,179,167,7.5,13.3,23.2,88,970.7,0,280,09/04/2033,0.472222222
Localidad: Villagran,196,221,7.3,15.5,23.5,89,970.8,0,219,10/04/2033,0.465277778
Localidad: Villagran,187,179,7.1,15.5,23.4,89,970.7,0,254,11/04/2033,0.458333333
Localidad: Villagran,197,195,10.1,18.4,22.6,95,970.8,0,201,12/04/2033,0.451388889
Localidad: Villagran,197,188,8.6,16.2,22.7,95,970.7,0,175,13/04/2033,0.444444444
Localidad: Villagran,192,179,9.6,17.6,22.6,97,970.7,0,262,14/04/2033,0.4375
Localidad: Villagran,182,171,10.5,19.4,22.2,96,970.6,0,262,15/04/2033,0.430555556
Localidad: Villagran,163,171,10.7,20.2,21.6,100,970.5,0,131,16/04/2033,0.423611111
Localidad: Villagran,167,176,10.7,20.2,21.4,100,970.5,0,114,17/04/2033,0.416666667
Localidad: Villagran,170,173,12.5,22.3,21.4,100,970.4,0,149,18/04/2033,0.409722222
Localidad: Villagran,176,164,11.5,22.7,21.1,100,970.4,0,166,19/04/2033,0.402777778
Localidad: Villagran,175,164,10.8,20.9,21.1,100,970.3,0,140,20/04/2033,0.395833333
Localidad: Villagran,157,130,12.4,22,21.4,100,970.2,0,175,21/04/2033,0.388888889
Localidad: Villagran,138,148,13.6,24.5,20.9,100,970.3,0,603,22/04/2033,0.381944444
Localidad: Villagran,139,164,13.2,23.8,20.4,100,970.2,0,166,23/04/2033,0.375
Localidad: Villagran,137,145,11.1,19.8,20.3,100,970,0,96,24/04/2033,0.368055556
Localidad: Villagran,144,139,10.2,20.2,20.5,100,970,0,157,25/04/2033,0.361111111
Localidad: Villagran,134,151,8.3,15.5,20.3,100,969.8,0,175,26/04/2033,0.354166667
Localidad: Villagran,132,152,9.5,17.6,20.2,100,969.8,0,122,27/04/2033,0.347222222
Localidad: Villagran,133,139,8.7,15.8,19.8,100,969.6,0,149,28/04/2033,0.340277778
Localidad: Villagran,133,125,7.5,14,19.3,100,969.5,0,70,29/04/2033,0.333333333
Localidad: Villagran,123,119,5.3,10.1,19.2,100,969.5,0,52,30/04/2033,0.326388889
Localidad: Villagran,123,120,5,8.6,19.1,100,969.5,0,52,01/05/2033,0.319444444
Localidad: Villagran,109,121,6.8,13,18.8,100,969.4,0,96,02/05/2033,0.3125
Localidad: Villagran,104,109,8.6,13.7,18.4,100,969.3,0,96,03/05/2033,0.305555556
Localidad: Villagran,95,100,8.2,13,18.2,100,969.2,0,17,04/05/2033,0.298611111
Localidad: Villagran,104,122,5.9,9,18,100,969.1,0,0,05/05/2033,0.291666667
Localidad: Villagran,79,64,4.8,9,18,100,969.1,0,0,06/05/2033,0.284722222
Localidad: Villagran,89,69,2.4,4.7,17.9,100,969.1,0,0,07/05/2033,0.277777778
Localidad: Villagran,42,84,1.8,4.3,17.8,100,969.3,0,0,08/05/2033,0.270833333
Localidad: Villagran,73,78,1.7,5,17.8,100,969.3,0,0,09/05/2033,0.263888889
Localidad: Villagran,324,143,2.3,7.9,17.6,100,969.3,0,0,10/05/2033,0.256944444
Localidad: Villagran,35,11,1.5,4,17.6,100,969.4,0,0,11/05/2033,0.25
Localidad: Villagran,312,296,2.1,5.4,17.7,100,969.2,0,0,12/05/2033,0.243055556
Localidad: Villagran,90,156,1.4,3.2,17.6,100,969.2,0,0,13/05/2033,0.236111111
Localidad: Villagran,34,48,1.6,3.6,17.6,100,969.2,0,0,14/05/2033,0.229166667
Localidad: Villagran,93,84,2.6,4,17.7,100,969.2,0,0,15/05/2033,0.222222222
Localidad: Villagran,197,207,1.7,4,17.7,100,969.2,0,0,16/05/2033,0.215277778
Localidad: Villagran,269,285,1.5,3.2,17.7,100,969.2,0,0,17/05/2033,0.208333333
Localidad: Villagran,4,17,2.1,4,17.6,100,969.3,0,0,18/05/2033,0.201388889
Localidad: Villagran,266,248,1.2,2.5,17.6,100,969.4,0,0,19/05/2033,0.194444444
Localidad: Villagran,203,261,1.1,3.6,17.7,100,969.3,0,0,20/05/2033,0.1875
Localidad: Villagran,262,298,1.8,4,17.7,100,969.4,0,0,21/05/2033,0.180555556
Localidad: Villagran,329,294,1.6,5,17.7,100,969.5,0,0,22/05/2033,0.173611111
Localidad: Villagran,313,251,1.9,5.8,17.7,100,969.8,0,0,23/05/2033,0.166666667
Localidad: Villagran,267,258,2.6,5.4,17.6,100,969.8,0,0,24/05/2033,0.159722222
Localidad: Villagran,223,195,3.1,6.8,17.5,100,969.8,0,0,25/05/2033,0.152777778
Localidad: Villagran,29,352,3.4,10.1,17.5,100,969.8,0,0,26/05/2033,0.145833333
Localidad: Villagran,11,26,3.3,9.7,17.4,100,969.9,0,0,27/05/2033,0.138888889
Localidad: Villagran,314,313,8.1,19.1,17.7,100,970,0,0,28/05/2033,0.131944444
Localidad: Villagran,343,358,5.7,20.2,17.8,100,970.3,0,0,29/05/2033,0.125
Localidad: Villagran,13,16,4.3,16.2,17.8,100,970.1,0.2,0,30/05/2033,0.118055556
Localidad: Villagran,310,315,4.4,12.2,17.8,100,970.2,0.2,0,31/05/2033,0.111111111
Localidad: Villagran,311,290,5.1,9.7,17.9,100,970,2.6,0,01/06/2033,0.104166667
Localidad: Villagran,307,328,7.7,19.4,17.9,100,970.1,4.6,0,02/06/2033,0.097222222
Localidad: Villagran,314,309,4.8,14.4,18,100,969.9,7.2,0,03/06/2033,0.090277778
Localidad: Villagran,293,271,11.2,26.6,18,100,970.2,9,0,04/06/2033,0.083333333
Localidad: Villagran,298,288,6.1,23.4,18.2,100,970.2,4.4,0,05/06/2033,0.076388889
Localidad: Villagran,275,212,5.2,13.3,18.2,100,969.7,2.8,0,06/06/2033,0.069444444
Localidad: Villagran,215,201,5.8,15.1,18.2,100,969.7,2.2,0,07/06/2033,0.0625
Localidad: Villagran,356,18,4.4,11.5,18.2,100,969.6,2.8,0,08/06/2033,0.055555556
Localidad: Villagran,343,17,3.9,9,18.2,100,969.4,1.6,0,09/06/2033,0.048611111
Localidad: Villagran,213,342,12.2,36.7,18.2,100,969.6,1.6,0,10/06/2033,0.041666667
Localidad: Villagran,323,338,9.7,25.6,18.2,100,968.9,0.6,0,11/06/2033,0.034722222
Localidad: Villagran,233,208,6.1,17.3,18.2,100,969.4,1.6,0,12/06/2033,0.027777778
Localidad: Villagran,243,224,6,19.4,18.5,100,969.2,1.2,0,13/06/2033,0.020833333
Localidad: Villagran,150,147,8.1,27.4,18.7,100,969.3,0.6,0,14/06/2033,0.013888889
Localidad: Villagran,91,103,10.7,27.4,18.9,100,969.4,0.4,0,15/06/2033,0.006944444
Localidad: Villagran,49,64,11.7,31.3,18.8,100,969.3,0,0,16/06/2033,0
Localidad: Villagran,84,79,19.2,36.7,18.7,100,969.4,0.2,0,17/06/2033,0.993055556
Localidad: Villagran,86,58,19.1,43.9,18.7,100,969.3,0.2,0,18/06/2033,0.986111111
Localidad: Villagran,87,90,15,31.3,18.5,100,969.4,0,0,19/06/2033,0.979166667
Localidad: Villagran,101,87,15.9,30.6,18.4,100,969.7,0.4,0,20/06/2033,0.972222222
Localidad: Villagran,94,89,18.8,32.8,18.6,100,969.7,0,0,21/06/2033,0.965277778
Localidad: Villagran,85,94,17.9,32.4,18.6,100,969.9,0.4,0,22/06/2033,0.958333333
Localidad: Villagran,107,118,9,25.2,18.5,100,970,0.6,0,23/06/2033,0.951388889
Localidad: Villagran,128,115,9.7,23,18.5,100,970.1,1,0,24/06/2033,0.944444444
Localidad: Villagran,115,128,14.9,31.3,18.7,100,969.9,1,0,25/06/2033,0.9375
Localidad: Villagran,131,120,10.3,24.5,18.6,100,969.8,2.2,0,26/06/2033,0.930555556
Localidad: Villagran,322,312,2.3,6.1,18.8,100,969.8,1.8,0,27/06/2033,0.923611111
Localidad: Villagran,151,92,6.2,19.8,18.9,100,969.6,0.6,0,28/06/2033,0.916666667
Localidad: Villagran,73,59,17.2,31.3,18.9,100,969.2,0.4,0,29/06/2033,0.909722222
Localidad: Villagran,81,73,21.9,37.8,19,100,969.1,0.6,0,30/06/2033,0.902777778
Localidad: Villagran,83,88,22.4,40,19.2,100,969.2,1.8,0,01/07/2033,0.895833333
Localidad: Villagran,89,88,19.9,35.3,19.8,100,969,2.4,0,02/07/2033,0.888888889
Localidad: Villagran,92,116,14.3,24.1,20.2,100,968.9,1.2,0,03/07/2033,0.881944444
Localidad: Villagran,76,105,13.2,23,20.6,100,968.9,0.8,0,04/07/2033,0.875
Localidad: Villagran,72,54,13.7,27.4,20.7,100,968.6,0.8,0,05/07/2033,0.868055556
Localidad: Villagran,52,31,15,27.7,20.8,100,968.6,0.4,0,06/07/2033,0.861111111
Localidad: Villagran,56,54,16,33.1,20.8,100,968.3,0.6,0,07/07/2033,0.854166667
Localidad: Villagran,54,56,11.8,22.7,20.8,100,967.9,0,0,08/07/2033,0.847222222
Localidad: Villagran,98,89,5.9,10.8,21.1,100,967.7,0,0,09/07/2033,0.840277778
Localidad: Villagran,90,96,8,15.8,21.1,100,967.5,1,0,10/07/2033,0.833333333
Localidad: Villagran,112,151,11.8,27.4,21.3,100,967.3,3.2,0,11/07/2033,0.826388889
Localidad: Villagran,149,167,11.4,28.8,21.7,100,967.2,6,0,12/07/2033,0.819444444
Localidad: Villagran,144,123,14.4,33.8,23,94,967.3,0,0,13/07/2033,0.8125
Localidad: Villagran,123,127,21.5,40.7,23.2,92,966.1,0,0,14/07/2033,0.805555556
Localidad: Villagran,126,105,19.5,35.6,23.2,92,966.1,0,0,15/07/2033,0.798611111
Localidad: Villagran,135,96,19.2,40.3,23,94,965.9,0,0,16/07/2033,0.791666667
Localidad: Villagran,135,147,19.8,33.8,23.2,92,965.8,0,0,17/07/2033,0.784722222
Localidad: Villagran,132,129,18.8,37.4,23.2,94,965.9,0,0,18/07/2033,0.777777778
Localidad: Villagran,126,122,19,39.6,23.1,95,966,0,0,19/07/2033,0.770833333
Localidad: Villagran,118,126,18.2,32,23,95,965.9,0,0,20/07/2033,0.763888889
Localidad: Villagran,122,133,17.5,33.8,22.9,97,966,0.2,0,21/07/2033,0.756944444
Localidad: Villagran,118,118,15.1,31.7,22.6,100,965.9,1,0,22/07/2033,0.75
Localidad: Villagran,122,159,15.2,31.7,22.7,100,966.2,0.8,0,23/07/2033,0.743055556
Localidad: Villagran,124,106,19.5,35.3,23.2,95,966,0.6,0,24/07/2033,0.736111111
Localidad: Villagran,125,130,17.9,36.4,24.7,85,965.9,0.2,0,25/07/2033,0.729166667
Localidad: Villagran,121,115,14.4,27.7,24.8,80,966,0,0,26/07/2033,0.722222222
Localidad: Villagran,121,119,15.4,29.2,24.8,81,965.9,0,26,27/07/2033,0.715277778
Localidad: Villagran,129,131,14.3,28.1,24.7,82,966.1,0,44,28/07/2033,0.708333333
Localidad: Villagran,122,131,14.6,28.4,24.7,84,966.3,0,35,29/07/2033,0.701388889
Localidad: Villagran,126,143,14.9,30.2,24.4,85,966.3,0,79,30/07/2033,0.694444444
Localidad: Villagran,127,129,18.5,33.5,24.6,84,966.4,0,44,31/07/2033,0.6875
Localidad: Villagran,121,150,20.4,36.4,24.7,85,966.5,0,44,01/08/2033,0.680555556
Localidad: Villagran,141,138,20.9,38.2,24.9,82,966.5,0,0,02/08/2033,0.673611111
Localidad: Villagran,169,168,16.1,29.9,26.9,68,966.5,0,87,03/08/2033,0.666666667
Localidad: Villagran,175,179,17.2,28.8,26.8,68,966.5,0,341,04/08/2033,0.659722222
Localidad: Villagran,169,163,15.6,29.2,26.6,69,966.5,0,210,05/08/2033,0.652777778
Localidad: Villagran,151,150,17.3,32.4,26.6,70,966.6,0,254,06/08/2033,0.645833333
Localidad: Villagran,159,161,16.9,35.6,26.6,70,966.6,0,140,07/08/2033,0.638888889
Localidad: Villagran,143,146,15.6,34.9,27.2,66,966.6,0,131,08/08/2033,0.631944444
Localidad: Villagran,154,156,13,27.7,27.4,66,966.8,0,297,09/08/2033,0.625
Localidad: Villagran,168,173,17.3,32.4,27.7,66,966.8,0,297,10/08/2033,0.618055556
Localidad: Villagran,156,162,18.5,37.8,26.8,71,966.9,0.2,201,11/08/2033,0.611111111
Localidad: Villagran,156,151,14.2,30.6,28.7,61,966.9,0,988,12/08/2033,0.604166667
Localidad: Villagran,160,176,18,29.9,27.1,68,967.1,0,359,13/08/2033,0.597222222
Localidad: Villagran,174,195,16,31.7,27.5,67,967.2,0,394,14/08/2033,0.590277778
Localidad: Villagran,159,216,17.7,32.4,28.4,62,967.3,0,1014,15/08/2033,0.583333333
Localidad: Villagran,153,169,16.7,29.5,26.5,69,967.3,0,254,16/08/2033,0.576388889
Localidad: Villagran,164,178,17.1,31,26.8,71,967.5,0,201,17/08/2033,0.569444444
Localidad: Villagran,168,122,17.8,33.5,26.6,71,967.6,0,1041,18/08/2033,0.5625
Localidad: Villagran,153,173,19.4,35.3,26.5,72,967.9,0,1093,19/08/2033,0.555555556
Localidad: Villagran,158,172,19.2,37.4,25.7,78,968.1,0,341,20/08/2033,0.548611111
Localidad: Villagran,160,163,16.2,34.9,25.8,76,968.2,0,1058,21/08/2033,0.541666667
Localidad: Villagran,172,167,16.5,30.6,25.5,80,968.3,0,350,22/08/2033,0.534722222
Localidad: Villagran,160,138,15.7,34.9,25.7,80,968.5,0,385,23/08/2033,0.527777778
Localidad: Villagran,155,152,18.8,33.1,25.9,80,968.8,0,1224,24/08/2033,0.520833333
Localidad: Villagran,156,121,17.9,35.3,25.4,80,968.9,0,507,25/08/2033,0.513888889
Localidad: Villagran,139,153,17.4,32.4,25.3,83,968.9,0,1032,26/08/2033,0.506944444
Localidad: Villagran,134,112,15.9,25.6,24.6,87,969.1,0,944,27/08/2033,0.5
Localidad: Villagran,133,120,15,27.7,23.4,94,969.4,0,464,28/08/2033,0.493055556
Localidad: Villagran,114,95,12.3,22.7,23,99,969.6,0,280,29/08/2033,0.486111111
Localidad: Villagran,128,141,10,16.9,23.2,95,969.8,0,254,30/08/2033,0.479166667
Localidad: Villagran,145,133,12.3,23.8,23.4,96,969.8,0,245,31/08/2033,0.472222222
Localidad: Villagran,117,113,10.6,21.6,23,96,970,0,376,01/09/2033,0.465277778
Localidad: Villagran,124,109,13.6,21.2,22.6,100,970,0,341,02/09/2033,0.458333333
Localidad: Villagran,115,103,10.7,19.4,22.4,100,970,0,376,03/09/2033,0.451388889
Localidad: Villagran,134,133,13.6,23.4,22.7,100,970,0,262,04/09/2033,0.444444444
Localidad: Villagran,133,121,14.7,27.7,22.4,100,970,0,411,05/09/2033,0.4375
Localidad: Villagran,129,132,12.7,21.6,22,100,969.9,0,359,06/09/2033,0.430555556
Localidad: Villagran,133,127,14.7,25.2,21.8,100,969.9,0,227,07/09/2033,0.423611111
Localidad: Villagran,121,140,13.6,27,21.7,100,969.8,0,262,08/09/2033,0.416666667
Localidad: Villagran,127,127,11,22.3,21.3,100,969.7,0,201,09/09/2033,0.409722222
Localidad: Villagran,136,175,9.6,19.4,21.2,100,969.7,0,227,10/09/2033,0.402777778
Localidad: Villagran,131,124,12.7,20.5,21,100,969.6,0,210,11/09/2033,0.395833333
Localidad: Villagran,131,126,13.2,21.6,20.7,100,969.5,0,105,12/09/2033,0.388888889
Localidad: Villagran,131,161,10.4,18.7,20.6,100,969.4,0,184,13/09/2033,0.381944444
Localidad: Villagran,130,120,8.1,14.4,20.3,100,969.4,0,79,14/09/2033,0.375
Localidad: Villagran,126,120,8.9,17.6,20.2,100,969.3,0,61,15/09/2033,0.368055556
Localidad: Villagran,125,133,9.5,18.4,20,100,969.2,0,61,16/09/2033,0.361111111
Localidad: Villagran,120,117,11.5,20.2,19.8,100,969.2,0,26,17/09/2033,0.354166667
Localidad: Villagran,117,110,10.3,18.4,19.9,100,969.2,0,26,18/09/2033,0.347222222
Localidad: Villagran,130,134,9.9,19.1,19.7,100,969.1,0,35,19/09/2033,0.340277778
Localidad: Villagran,129,129,10,19.8,19.6,100,968.9,0,0,20/09/2033,0.333333333
Localidad: Villagran,127,148,12.1,22.7,19.6,100,968.7,0,0,21/09/2033,0.326388889
Localidad: Villagran,116,139,10.8,20.9,19.6,100,968.7,0,0,22/09/2033,0.319444444
Localidad: Villagran,117,116,8.7,17.3,19.7,100,968.6,0,0,23/09/2033,0.3125
Localidad: Villagran,119,137,10.9,22.3,19.6,100,968.5,0,0,24/09/2033,0.305555556
Localidad: Villagran,116,106,11.4,22.7,19.6,100,968.4,0,0,25/09/2033,0.298611111
Localidad: Villagran,125,113,10.5,19.8,19.5,100,968.2,0,0,26/09/2033,0.291666667
Localidad: Villagran,140,150,9.4,22,19.7,100,968.1,0,0,27/09/2033,0.284722222
Localidad: Villagran,138,132,9.3,16.6,19.6,100,968.1,0,0,28/09/2033,0.277777778
Localidad: Villagran,144,140,9.6,18.4,19.6,100,968.1,0,0,29/09/2033,0.270833333
Localidad: Villagran,145,145,9.9,19.4,19.6,100,967.9,0,0,30/09/2033,0.263888889
Localidad: Villagran,137,157,10.4,19.8,19.6,100,967.7,0,0,01/10/2033,0.256944444
Localidad: Villagran,137,144,11.5,22,19.6,100,967.7,0,0,02/10/2033,0.25
Localidad: Villagran,133,145,11.9,22,19.6,100,967.6,0,0,03/10/2033,0.243055556
Localidad: Villagran,131,133,10.4,19.8,19.6,100,967.5,0,0,04/10/2033,0.236111111
Localidad: Villagran,131,133,10.8,21.2,19.6,100,967.6,0,0,05/10/2033,0.229166667
Localidad: Villagran,128,133,12.2,20.2,19.6,100,967.5,0,0,06/10/2033,0.222222222
Localidad: Villagran,129,128,11.4,20.2,19.7,100,967.6,0,0,07/10/2033,0.215277778
Localidad: Villagran,132,134,11.1,20.2,19.7,100,967.6,0,0,08/10/2033,0.208333333
Localidad: Villagran,141,119,10,22,19.6,100,967.6,0,0,09/10/2033,0.201388889
Localidad: Villagran,133,139,10.1,19.1,19.6,100,967.7,0,0,10/10/2033,0.194444444
Localidad: Villagran,133,131,7.3,16.2,19.6,100,967.7,0,0,11/10/2033,0.1875
Localidad: Villagran,128,142,8.7,15.8,19.6,100,967.6,0,0,12/10/2033,0.180555556
Localidad: Villagran,132,131,8.9,15.8,19.6,100,967.5,0,0,13/10/2033,0.173611111
Localidad: Villagran,142,144,9.5,18.7,19.5,100,967.5,0,0,14/10/2033,0.166666667
Localidad: Villagran,142,125,9,17.3,19.5,100,967.5,0,0,15/10/2033,0.159722222
Localidad: Villagran,142,149,8.1,15.5,19.5,100,967.5,0,0,16/10/2033,0.152777778
Localidad: Villagran,143,150,6.2,13.3,19.5,100,967.7,0,0,17/10/2033,0.145833333
Localidad: Villagran,136,160,6.8,14.4,19.5,100,967.8,0,0,18/10/2033,0.138888889
Localidad: Villagran,124,135,5.8,11.9,19.5,100,967.8,0,0,19/10/2033,0.131944444
Localidad: Villagran,126,126,7,14.4,19.6,100,967.8,0,0,20/10/2033,0.125
Localidad: Villagran,129,122,6.8,13.3,19.6,100,967.8,0,0,21/10/2033,0.118055556
Localidad: Villagran,120,121,7.7,13.7,19.6,100,967.8,0,0,22/10/2033,0.111111111
Localidad: Villagran,115,120,8.1,13.3,19.6,100,967.9,0,0,23/10/2033,0.104166667
Localidad: Villagran,122,126,9,17.6,19.6,100,968,0,0,24/10/2033,0.097222222
Localidad: Villagran,121,135,9.7,18,19.7,100,968.2,0,0,25/10/2033,0.090277778
Localidad: Villagran,121,127,9,15.1,19.7,100,968.2,0,0,26/10/2033,0.083333333
Localidad: Villagran,120,142,8.4,17.3,19.8,100,968.4,0,0,27/10/2033,0.076388889
Localidad: Villagran,131,131,5.6,13.7,19.8,100,968.4,0,0,28/10/2033,0.069444444
Localidad: Villagran,126,133,5.7,9.4,19.8,100,968.6,0,0,29/10/2033,0.0625
Localidad: Villagran,149,143,7.1,14.8,19.8,100,968.6,0,0,30/10/2033,0.055555556
Localidad: Villagran,147,149,9.5,17.3,19.8,100,968.7,0,0,31/10/2033,0.048611111
Localidad: Villagran,122,147,9.7,19.1,19.7,100,968.7,0.2,0,01/11/2033,0.041666667
Localidad: Villagran,115,114,8.7,18.7,19.7,100,968.6,0.6,0,02/11/2033,0.034722222
Localidad: Villagran,129,140,8.2,15.5,19.8,100,968.8,0.2,0,03/11/2033,0.027777778
Localidad: Villagran,131,132,7.5,13.7,19.7,100,968.9,0,0,04/11/2033,0.020833333
Localidad: Villagran,111,137,7.6,14,19.7,100,968.9,0.2,0,05/11/2033,0.013888889
Localidad: Villagran,120,144,6.1,14.4,19.6,100,969.1,0.2,0,06/11/2033,0.006944444
Localidad: Villagran,127,134,7.2,15.1,19.7,100,969.2,0.2,0,07/11/2033,0
Localidad: Villagran,143,151,10.4,20.5,19.7,100,969.3,0.2,0,08/11/2033,0.993055556
Localidad: Villagran,158,177,8.1,15.5,19.8,100,969.3,0.2,0,09/11/2033,0.986111111
Localidad: Villagran,164,151,8.1,16.6,19.8,100,969.4,0.6,0,10/11/2033,0.979166667
Localidad: Villagran,170,163,3.8,8.3,19.8,100,969.4,0.4,0,11/11/2033,0.972222222
Localidad: Villagran,153,144,2.1,6.5,19.9,100,969.4,0.4,0,12/11/2033,0.965277778
Localidad: Villagran,336,16,1,3.2,19.8,100,969.4,0.4,0,13/11/2033,0.958333333
Localidad: Villagran,299,249,1.3,3.2,19.7,100,969.4,0.6,0,14/11/2033,0.951388889
Localidad: Villagran,249,210,2,7.2,19.8,100,969.3,0.2,0,15/11/2033,0.944444444
Localidad: Villagran,254,259,2.3,6.5,19.8,100,969.4,0.6,0,16/11/2033,0.9375
Localidad: Villagran,302,253,1.8,6.5,19.8,100,969.4,0.8,0,17/11/2033,0.930555556
Localidad: Villagran,76,171,1.8,8.3,19.8,100,969.4,0.6,0,18/11/2033,0.923611111
Localidad: Villagran,138,178,4.6,10.4,19.8,100,969.5,1,0,19/11/2033,0.916666667
Localidad: Villagran,127,113,4.7,15.1,19.8,100,969.5,1.2,0,20/11/2033,0.909722222
Localidad: Villagran,47,74,2,5,20.1,100,969.4,0.2,0,21/11/2033,0.902777778
Localidad: Villagran,84,122,3.3,6.8,20.2,100,969.3,0.4,0,22/11/2033,0.895833333
Localidad: Villagran,95,111,2,4.3,20.2,100,969.1,0.6,0,23/11/2033,0.888888889
Localidad: Villagran,48,49,2.4,6.5,20.3,100,968.9,0.2,0,24/11/2033,0.881944444
Localidad: Villagran,59,63,3.2,6.1,20.5,100,968.8,0.2,0,25/11/2033,0.875
Localidad: Villagran,135,153,3.8,14,20.3,100,968.5,0,0,26/11/2033,0.868055556
Localidad: Villagran,338,341,2,4,20.6,100,968.3,0,0,27/11/2033,0.861111111
Localidad: Villagran,338,302,2.4,5.8,20.6,100,968.1,0,0,28/11/2033,0.854166667
Localidad: Villagran,305,314,3.8,7.2,20.9,100,967.9,0,0,29/11/2033,0.847222222
Localidad: Villagran,291,292,3.7,11.2,21.3,100,967.7,0.2,0,30/11/2033,0.840277778
Localidad: Villagran,260,264,2.3,5,22.4,88,967.6,0,0,01/12/2033,0.833333333
Localidad: Villagran,271,299,3.2,9,23,80,967.6,0,0,02/12/2033,0.826388889
Localidad: Villagran,296,291,5.6,14.4,23.3,78,967.8,0,0,03/12/2033,0.819444444
Localidad: Villagran,305,310,8,16.9,23.5,77,967.8,0,0,04/12/2033,0.8125
Localidad: Villagran,295,295,7.3,21.2,23.8,73,967.3,0,0,05/12/2033,0.805555556
Localidad: Villagran,317,289,3.8,9.4,24.3,69,966.9,0,0,06/12/2033,0.798611111
Localidad: Villagran,305,313,4.9,12.2,24.5,67,966.9,0,0,07/12/2033,0.791666667
Localidad: Villagran,319,327,7.4,15.5,24.7,65,966.8,0,0,08/12/2033,0.784722222
Localidad: Villagran,328,342,6.4,18.7,24.9,63,966.3,0,0,09/12/2033,0.777777778
Localidad: Villagran,322,316,6.6,14.4,24.9,63,966.5,0,0,10/12/2033,0.770833333
Localidad: Villagran,337,343,6.2,15.1,25,62,966.6,0,0,11/12/2033,0.763888889
Localidad: Villagran,26,301,4.2,17.6,25.2,61,966.3,0,0,12/12/2033,0.756944444
Localidad: Villagran,245,171,3.9,15.1,25.2,61,966.1,0,0,13/12/2033,0.75
Localidad: Villagran,138,141,4.2,11.9,25.3,59,966,0,0,14/12/2033,0.743055556
Localidad: Villagran,153,122,4.2,10.8,25.4,58,965.8,0,0,15/12/2033,0.736111111
Localidad: Villagran,202,86,4.8,14.8,25.4,58,965.9,0,0,16/12/2033,0.729166667
Localidad: Villagran,129,120,6,19.8,25.6,57,965.9,0,0,17/12/2033,0.722222222
Localidad: Villagran,82,104,7.7,19.8,25.7,57,965.9,0,0,18/12/2033,0.715277778
Localidad: Villagran,59,90,6.5,17.3,25.8,56,965.8,0,0,19/12/2033,0.708333333
Localidad: Villagran,251,339,4.3,12.2,25.9,56,965.8,0,0,20/12/2033,0.701388889
Localidad: Villagran,337,302,6.2,18.4,26.2,55,965.8,0,0,21/12/2033,0.694444444
Localidad: Villagran,1,348,6,15.8,26.3,54,965.7,0,70,22/12/2033,0.6875
Localidad: Villagran,47,48,13,22,26.1,55,965.8,0,87,23/12/2033,0.680555556
Localidad: Villagran,86,58,7.8,16.2,26.8,50,965.7,0,105,24/12/2033,0.673611111
Localidad: Villagran,134,140,7.8,13.7,26.9,50,965.8,0,87,25/12/2033,0.666666667
Localidad: Villagran,127,122,8.2,16.9,26.8,50,965.8,0,79,26/12/2033,0.659722222
Localidad: Villagran,126,109,8,17.3,26.8,51,965.8,0,96,27/12/2033,0.652777778
Localidad: Villagran,117,139,7.4,14.8,26.8,51,965.9,0,96,28/12/2033,0.645833333
Localidad: Villagran,126,141,8.7,17.6,26.9,50,966,0,105,29/12/2033,0.638888889
Localidad: Villagran,130,133,6.9,14,26.8,50,966.1,0,105,30/12/2033,0.631944444
Localidad: Villagran,116,117,7.5,19.4,26.9,51,966.2,0,131,31/12/2033,0.625
Localidad: Villagran,62,104,4.1,10.4,27.1,50,966.1,0,201,01/01/2034,0.618055556
Localidad: Villagran,169,148,2.3,9,27.5,47,966.2,0,376,02/01/2034,0.611111111
Localidad: Villagran,155,155,6.9,16.2,26.9,49,966.3,0,262,03/01/2034,0.604166667
Localidad: Villagran,124,130,7.7,16.9,27,52,966.4,0,297,04/01/2034,0.597222222
Localidad: Villagran,109,144,11.3,23.8,26.4,53,966.5,0,289,05/01/2034,0.590277778
Localidad: Villagran,64,58,5.8,13.3,27.4,50,966.5,0,289,06/01/2034,0.583333333
Localidad: Villagran,75,64,8.2,18,27.1,50,966.8,0,332,07/01/2034,0.576388889
Localidad: Villagran,97,116,7.1,20.2,26.9,52,966.8,0,297,08/01/2034,0.569444444
Localidad: Villagran,106,106,8.1,17.3,27.1,52,966.9,0,778,09/01/2034,0.5625
Localidad: Villagran,108,48,11.6,24.5,27.1,51,967.1,0,997,10/01/2034,0.555555556
Localidad: Villagran,193,206,10.7,30.6,26.8,52,967.2,0,376,11/01/2034,0.548611111
Localidad: Villagran,143,151,9.3,18,28.5,48,967.1,0,1032,12/01/2034,0.541666667
Localidad: Villagran,126,132,10,22.7,25.8,56,967.3,0,306,13/01/2034,0.534722222
Localidad: Villagran,158,137,11.4,24.1,26.6,54,967.4,0,1137,14/01/2034,0.527777778
Localidad: Villagran,246,211,3.6,9.7,27.1,52,967.6,0,647,15/01/2034,0.520833333
Localidad: Villagran,106,73,11.3,21.2,24.6,61,968,0,402,16/01/2034,0.513888889
Localidad: Villagran,156,121,8,25.2,27.4,51,968,0,910,17/01/2034,0.506944444
Localidad: Villagran,323,53,5.3,22.7,26.7,55,968.2,0,1023,18/01/2034,0.5
Localidad: Villagran,127,134,7.9,25.2,26.1,56,968.3,0,297,19/01/2034,0.493055556
Localidad: Villagran,109,115,6,20.5,24.8,62,968.4,0,1049,20/01/2034,0.486111111
Localidad: Villagran,128,143,8.4,19.8,24.9,60,968.6,0,1032,21/01/2034,0.479166667
Localidad: Villagran,122,109,9.5,19.8,24.4,62,968.7,0,1023,22/01/2034,0.472222222
Localidad: Villagran,269,134,6.1,15.1,24.2,64,968.8,0,1041,23/01/2034,0.465277778
Localidad: Villagran,104,151,6.7,16.9,23.7,67,968.9,0,1006,24/01/2034,0.458333333
Localidad: Villagran,22,148,4.8,15.8,23.2,69,969,0,1041,25/01/2034,0.451388889
Localidad: Villagran,151,149,8.9,20.9,22.7,72,969,0,359,26/01/2034,0.444444444
Localidad: Villagran,135,115,10.2,20.9,23.7,69,968.9,0,525,27/01/2034,0.4375
Localidad: Villagran,125,120,8.6,20.5,22.4,75,968.9,0,656,28/01/2034,0.430555556
Localidad: Villagran,110,140,8.7,19.1,22.3,73,969,0,429,29/01/2034,0.423611111
Localidad: Villagran,126,90,9.8,18.7,22,77,969,0,420,30/01/2034,0.416666667
Localidad: Villagran,89,90,8.6,16.9,23.1,70,969,0,621,31/01/2034,0.409722222
Localidad: Villagran,93,91,9.8,19.1,22,75,969,0,533,01/02/2034,0.402777778
Localidad: Villagran,99,130,9,16.9,21.5,78,969,0,743,02/02/2034,0.395833333
Localidad: Villagran,88,127,9.4,18.7,21.5,76,968.9,0,551,03/02/2034,0.388888889
Localidad: Villagran,86,117,4.5,11.9,22.8,74,968.9,0,647,04/02/2034,0.381944444
Localidad: Villagran,37,74,5.8,14.8,21.3,82,969,0,638,05/02/2034,0.375
Localidad: Villagran,22,56,5.4,13,20.8,85,968.9,0,394,06/02/2034,0.368055556
Localidad: Villagran,294,288,2.3,6.8,21.8,82,968.8,0,236,07/02/2034,0.361111111
Localidad: Villagran,290,349,2.2,5.4,21.6,86,968.7,0,262,08/02/2034,0.354166667
Localidad: Villagran,295,252,1.9,4.3,20.4,92,968.6,0,219,09/02/2034,0.347222222
Localidad: Villagran,316,298,3,9.4,19.8,96,968.5,0,140,10/02/2034,0.340277778
Localidad: Villagran,305,291,4.2,9.4,19.7,96,968.5,0,201,11/02/2034,0.333333333
Localidad: Villagran,308,290,4.1,9.7,19.1,100,968.3,0,219,12/02/2034,0.326388889
Localidad: Villagran,274,269,3.1,6.5,18.7,100,968.2,0,157,13/02/2034,0.319444444
Localidad: Villagran,259,255,3.1,6.8,18.5,100,968.1,0,140,14/02/2034,0.3125
Localidad: Villagran,271,272,2.3,6.1,17.7,100,968.2,0,114,15/02/2034,0.305555556
Localidad: Villagran,270,262,3.2,7.6,17.1,100,968,0,52,16/02/2034,0.298611111
Localidad: Villagran,282,264,2.6,7.9,16.6,100,968,0,26,17/02/2034,0.291666667
Localidad: Villagran,286,307,1.4,2.9,16.5,100,967.8,0,17,18/02/2034,0.284722222
Localidad: Villagran,303,296,2,4.3,16.5,100,967.7,0,0,19/02/2034,0.277777778
Localidad: Villagran,331,247,1.3,2.9,16.2,100,967.5,0,0,20/02/2034,0.270833333
Localidad: Villagran,307,292,2,4.3,16.1,100,967.4,0,0,21/02/2034,0.263888889
Localidad: Villagran,313,299,1.8,3.2,16.1,100,967.3,0,0,22/02/2034,0.256944444
Localidad: Villagran,323,336,2.2,5,15.9,100,967.2,0,0,23/02/2034,0.25
Localidad: Villagran,321,292,2.8,4.3,16,100,967.1,0,0,24/02/2034,0.243055556
Localidad: Villagran,329,335,2.2,4,16.1,100,967,0,0,25/02/2034,0.236111111
Localidad: Villagran,317,291,1.8,3.2,16.1,100,966.9,0,0,26/02/2034,0.229166667
Localidad: Villagran,338,341,1.9,3.6,16.1,100,966.9,0,0,27/02/2034,0.222222222
Localidad: Villagran,337,322,1.3,2.5,16.2,100,966.8,0,0,28/02/2034,0.215277778
Localidad: Villagran,243,275,1.1,3.6,16.3,100,966.7,0,0,01/03/2034,0.208333333
Localidad: Villagran,343,8,1.5,4.3,16.6,100,966.7,0,0,02/03/2034,0.201388889
Localidad: Villagran,357,2,2.7,4.7,16.7,100,966.6,0,0,03/03/2034,0.194444444
Localidad: Villagran,296,341,1.6,4,16.8,100,966.6,0,0,04/03/2034,0.1875
Localidad: Villagran,254,244,1.4,4.3,16.9,100,966.6,0,0,05/03/2034,0.180555556
Localidad: Villagran,118,110,1.7,4.7,16.6,100,966.5,0,0,06/03/2034,0.173611111
Localidad: Villagran,98,106,2.4,5,16.6,100,966.4,0,0,07/03/2034,0.166666667
Localidad: Villagran,99,101,1.7,3.2,16.7,100,966.6,0,0,08/03/2034,0.159722222
Localidad: Villagran,52,74,2.4,4.7,16.7,100,966.7,0,0,09/03/2034,0.152777778
Localidad: Villagran,78,88,2.3,4,16.8,100,966.8,0,0,10/03/2034,0.145833333
Localidad: Villagran,131,150,2.6,5.4,16.9,100,966.9,0,0,11/03/2034,0.138888889
Localidad: Villagran,111,128,3.4,5.8,17.1,100,966.9,0,0,12/03/2034,0.131944444
Localidad: Villagran,104,112,3.4,6.5,17.1,100,966.8,0,0,13/03/2034,0.125
Localidad: Villagran,66,54,2.5,5.8,17,100,967,0,0,14/03/2034,0.118055556
Localidad: Villagran,119,135,2.7,5,17,100,967.2,0,0,15/03/2034,0.111111111
Localidad: Villagran,101,110,3.6,6.8,16.9,100,967.4,0,0,16/03/2034,0.104166667
Localidad: Villagran,114,114,4.2,7.2,17.1,100,967.2,0,0,17/03/2034,0.097222222
Localidad: Villagran,118,120,4.2,7.2,17.2,100,967.3,0,0,18/03/2034,0.090277778
Localidad: Villagran,130,121,4.1,8.3,17.1,100,967.3,0,0,19/03/2034,0.083333333
Localidad: Villagran,126,122,3.7,8.6,17.1,100,967.4,0,0,20/03/2034,0.076388889
Localidad: Villagran,114,116,2,5.4,17.1,100,967.5,0,0,21/03/2034,0.069444444
Localidad: Villagran,164,177,1.7,4.7,17,100,967.7,0,0,22/03/2034,0.0625
Localidad: Villagran,147,163,1.8,4,17,100,967.9,0,0,23/03/2034,0.055555556
Localidad: Villagran,96,127,1.7,5.4,16.9,100,968,0,0,24/03/2034,0.048611111
Localidad: Villagran,134,133,1.7,3.6,17.1,100,968.1,0,0,25/03/2034,0.041666667
Localidad: Villagran,148,132,2.2,5.4,17,100,968.2,0,0,26/03/2034,0.034722222
Localidad: Villagran,158,161,3.9,8.6,17.3,100,968.4,0,0,27/03/2034,0.027777778
Localidad: Villagran,158,152,5.2,10.4,17.5,100,968.5,0,0,28/03/2034,0.020833333
Localidad: Villagran,155,158,5,10.1,17.6,100,968.6,0,0,29/03/2034,0.013888889
Localidad: Villagran,159,157,7.1,14,17.9,99,968.6,0,0,30/03/2034,0.006944444
Localidad: Villagran,154,151,7.8,16.9,18.2,96,968.8,0,0,31/03/2034,0
Localidad: Villagran,152,163,7,15.1,18.4,94,968.9,0,0,01/04/2034,0.993055556
Localidad: Villagran,148,143,9.6,18,18.7,93,969.1,0,0,02/04/2034,0.986111111
Localidad: Villagran,158,151,12.5,24.1,19,90,969.2,0,0,03/04/2034,0.979166667
Localidad: Villagran,156,176,14.2,23.4,19.3,88,969.3,0,0,04/04/2034,0.972222222
Localidad: Villagran,162,161,13.3,25.6,19.5,87,969.3,0,0,05/04/2034,0.965277778
Localidad: Villagran,156,159,13.1,27.7,19.6,84,969.3,0,0,06/04/2034,0.958333333
Localidad: Villagran,154,138,13,25.6,19.7,81,969.3,0,0,07/04/2034,0.951388889
Localidad: Villagran,159,159,11.1,22.7,19.8,77,969.4,0,0,08/04/2034,0.944444444
Localidad: Villagran,160,171,12.2,24.5,20.2,71,969.3,0,0,09/04/2034,0.9375
Localidad: Villagran,149,137,8.8,15.5,20.5,67,969.3,0,0,10/04/2034,0.930555556
Localidad: Villagran,156,153,8.9,16.9,20.7,65,969.3,0,0,11/04/2034,0.923611111
Localidad: Villagran,160,164,9,19.8,20.8,64,969.2,0,0,12/04/2034,0.916666667
Localidad: Villagran,182,167,6.6,15.1,20.8,61,969,0,0,13/04/2034,0.909722222
Localidad: Villagran,229,226,2.3,6.1,20.6,59,968.9,0,0,14/04/2034,0.902777778
Localidad: Villagran,180,180,7.7,13,20.8,57,968.8,0,0,15/04/2034,0.895833333
Localidad: Villagran,200,226,5.1,15.8,21.2,54,968.5,0,0,16/04/2034,0.888888889
Localidad: Villagran,208,264,4.4,9.4,21.1,55,968.3,0,0,17/04/2034,0.881944444
Localidad: Villagran,360,20,4.4,12.6,21.5,50,968,0,0,18/04/2034,0.875
Localidad: Villagran,29,53,11.3,27.4,21.8,48,967.8,0,0,19/04/2034,0.868055556
Localidad: Villagran,154,67,7.5,23.4,22.1,46,967.7,0,0,20/04/2034,0.861111111
Localidad: Villagran,14,15,11,25.9,22.6,46,967,0,0,21/04/2034,0.854166667
Localidad: Villagran,47,64,10.2,22.3,23.1,42,966.7,0,0,22/04/2034,0.847222222
Localidad: Villagran,46,19,8.3,23.8,23.2,43,966.5,0,0,23/04/2034,0.840277778
Localidad: Villagran,14,16,10.4,31,23.3,42,966.4,0,0,24/04/2034,0.833333333
Localidad: Villagran,315,298,4.8,11.2,23.1,56,966.3,0,0,25/04/2034,0.826388889
Localidad: Villagran,316,312,3.7,8.3,23.3,56,966.7,0,0,26/04/2034,0.819444444
Localidad: Villagran,9,312,1.8,4.3,23.5,53,966,0,0,27/04/2034,0.8125
Localidad: Villagran,309,340,1.1,2.5,23.6,51,965.7,0,0,28/04/2034,0.805555556
Localidad: Villagran,112,111,1.2,4,23.8,51,965.5,0,0,29/04/2034,0.798611111
Localidad: Villagran,122,128,3.8,7.2,24.3,46,965.5,0,0,30/04/2034,0.791666667
Localidad: Villagran,117,99,3.6,6.5,24.3,45,965.5,0,0,01/05/2034,0.784722222
Localidad: Villagran,132,119,3.4,6.1,24.5,44,965.3,0,0,02/05/2034,0.777777778
Localidad: Villagran,131,114,4.3,9,24.8,43,965.3,0,0,03/05/2034,0.770833333
Localidad: Villagran,136,123,5,10.8,25,42,965.4,0,0,04/05/2034,0.763888889
Localidad: Villagran,109,111,6.3,12.6,25.1,41,965.2,0,0,05/05/2034,0.756944444
Localidad: Villagran,132,148,4.7,8.6,25.2,40,965.2,0,0,06/05/2034,0.75
Localidad: Villagran,110,114,4.7,8.6,25.4,40,965.2,0,35,07/05/2034,0.743055556
Localidad: Villagran,110,124,6.9,11.5,25.4,40,965.1,0,52,08/05/2034,0.736111111
Localidad: Villagran,127,126,8.6,15.1,25.4,40,965.1,0,52,09/05/2034,0.729166667
Localidad: Villagran,136,134,8.9,16.2,25.6,39,965.1,0,96,10/05/2034,0.722222222
Localidad: Villagran,142,130,11.2,24.8,25.8,39,965.1,0,131,11/05/2034,0.715277778
Localidad: Villagran,141,149,10.4,21.2,25.9,39,965,0,149,12/05/2034,0.708333333
Localidad: Villagran,147,131,10.7,20.2,26.2,38,965,0,114,13/05/2034,0.701388889
Localidad: Villagran,118,103,8.4,15.5,25.9,37,965.1,0,201,14/05/2034,0.694444444
Localidad: Villagran,156,162,9.5,18.7,26.2,37,965.2,0,201,15/05/2034,0.6875
Localidad: Villagran,127,108,8.5,19.1,26.3,37,965.1,0,245,16/05/2034,0.680555556
Localidad: Villagran,131,124,11.5,24.1,26.1,37,965.2,0,297,17/05/2034,0.673611111
Localidad: Villagran,92,55,11.2,20.5,26.4,37,965.2,0,306,18/05/2034,0.666666667
Localidad: Villagran,90,78,8,22.3,26.4,36,965.4,0,464,19/05/2034,0.659722222
Localidad: Villagran,122,124,12.8,25.2,26.8,36,965.3,0,831,20/05/2034,0.652777778
Localidad: Villagran,101,115,11.1,22.7,26.3,36,965.5,0,507,21/05/2034,0.645833333
Localidad: Villagran,144,120,10.8,26.3,26.5,36,965.7,0,446,22/05/2034,0.638888889
Localidad: Villagran,136,153,7.5,20.2,26.4,35,965.8,0,525,23/05/2034,0.631944444
Localidad: Villagran,95,93,9.1,21.2,26,36,965.9,0,402,24/05/2034,0.625
Localidad: Villagran,142,135,10.7,21.6,26.5,35,966,0,691,25/05/2034,0.618055556
Localidad: Villagran,239,200,3.5,11.5,27,34,966.2,0,350,26/05/2034,0.611111111
Localidad: Villagran,116,131,5.8,14,25.9,37,966.4,0,437,27/05/2034,0.604166667
Localidad: Villagran,146,157,9.7,21.2,26.1,35,966.6,0,586,28/05/2034,0.597222222
Localidad: Villagran,161,118,4.4,11.5,27.5,34,966.7,0,673,29/05/2034,0.590277778
Localidad: Villagran,168,154,7.2,18.4,26.4,35,966.9,0,953,30/05/2034,0.583333333
Localidad: Villagran,149,139,9.9,22.3,26.4,34,967,0,962,31/05/2034,0.576388889
Localidad: Villagran,195,152,9,22.7,25.8,36,967.2,0,971,01/06/2034,0.569444444
Localidad: Villagran,195,126,9.6,20.9,26.9,33,967.3,0,971,02/06/2034,0.5625
Localidad: Villagran,115,87,11.1,23,26.3,35,967.4,0,997,03/06/2034,0.555555556
Localidad: Villagran,185,89,9.6,25.6,25.3,37,967.8,0,1023,04/06/2034,0.548611111
Localidad: Villagran,251,263,5.8,16.6,27.4,33,968,0,1032,05/06/2034,0.541666667
Localidad: Villagran,176,171,8.2,20.2,25.6,35,968.3,0,708,06/06/2034,0.534722222
Localidad: Villagran,238,231,5.8,16.2,26.5,34,968.5,0,936,07/06/2034,0.527777778
Localidad: Villagran,161,195,7.2,24.1,26.5,35,968.8,0,1154,08/06/2034,0.520833333
Localidad: Villagran,146,142,9.2,20.9,25.2,35,968.9,0,1041,09/06/2034,0.513888889
Localidad: Villagran,125,77,8.9,22.7,24.8,37,969.1,0,464,10/06/2034,0.506944444
Localidad: Villagran,105,90,7.7,20.5,24.3,38,969.3,0,1049,11/06/2034,0.5
Localidad: Villagran,212,244,5.3,15.1,25.3,37,969.5,0,673,12/06/2034,0.493055556
Localidad: Villagran,170,219,6.3,15.1,25.4,34,969.7,0,883,13/06/2034,0.486111111
Localidad: Villagran,140,134,8.6,19.4,24.9,35,970,0,1154,14/06/2034,0.479166667
Localidad: Villagran,174,139,10.2,23.4,23.2,41,970.1,0,647,15/06/2034,0.472222222
Localidad: Villagran,100,140,5.4,16.9,24.2,37,970.2,0,997,16/06/2034,0.465277778
Localidad: Villagran,162,136,7.1,15.8,22.6,41,970.4,0,840,17/06/2034,0.458333333
Localidad: Villagran,212,201,6.2,14,24.2,39,970.4,0,324,18/06/2034,0.451388889
Localidad: Villagran,103,92,5.3,12.2,23.9,41,970.5,0,927,19/06/2034,0.444444444
Localidad: Villagran,209,94,5.9,16.2,23,41,970.7,0,848,20/06/2034,0.4375
Localidad: Villagran,205,157,6.5,15.5,24.1,39,970.6,0,778,21/06/2034,0.430555556
Localidad: Villagran,181,235,7.3,17.3,22.9,43,970.7,0,726,22/06/2034,0.423611111
Localidad: Villagran,124,145,7.9,18.7,21.8,49,970.5,0,437,23/06/2034,0.416666667
Localidad: Villagran,105,123,7.2,16.2,22,49,970.4,0,752,24/06/2034,0.409722222
Localidad: Villagran,77,82,5.9,14.8,20.5,55,970.4,0,280,25/06/2034,0.402777778
Localidad: Villagran,131,94,6.4,16.2,21.6,52,970.4,0,743,26/06/2034,0.395833333
Localidad: Villagran,82,40,6.2,13,20.9,56,970.4,0,612,27/06/2034,0.388888889
Localidad: Villagran,92,86,6,13.7,19.9,64,970.5,0,568,28/06/2034,0.381944444
Localidad: Villagran,,,,,,,,,,29/06/2034,
